-- MySQL dump 10.14  Distrib 5.5.68-MariaDB, for Linux (x86_64)
--
-- Host: localhost    Database: latincensus
-- ------------------------------------------------------
-- Server version	5.5.68-MariaDB

/*!40101 SET @OLD_CHARACTER_SET_CLIENT=@@CHARACTER_SET_CLIENT */;
/*!40101 SET @OLD_CHARACTER_SET_RESULTS=@@CHARACTER_SET_RESULTS */;
/*!40101 SET @OLD_COLLATION_CONNECTION=@@COLLATION_CONNECTION */;
/*!40101 SET NAMES utf8 */;
/*!40103 SET @OLD_TIME_ZONE=@@TIME_ZONE */;
/*!40103 SET TIME_ZONE='+00:00' */;
/*!40014 SET @OLD_UNIQUE_CHECKS=@@UNIQUE_CHECKS, UNIQUE_CHECKS=0 */;
/*!40014 SET @OLD_FOREIGN_KEY_CHECKS=@@FOREIGN_KEY_CHECKS, FOREIGN_KEY_CHECKS=0 */;
/*!40101 SET @OLD_SQL_MODE=@@SQL_MODE, SQL_MODE='NO_AUTO_VALUE_ON_ZERO' */;
/*!40111 SET @OLD_SQL_NOTES=@@SQL_NOTES, SQL_NOTES=0 */;

--
-- Table structure for table `Gender`
--
use latincensus;
DROP TABLE IF EXISTS `Gender`;
/*!40101 SET @saved_cs_client     = @@character_set_client */;
/*!40101 SET character_set_client = utf8 */;
CREATE TABLE `Gender` (
  `Gender` varchar(128) NOT NULL,
  PRIMARY KEY (`Gender`)
) ENGINE=InnoDB DEFAULT CHARSET=latin1;
/*!40101 SET character_set_client = @saved_cs_client */;

--
-- Dumping data for table `Gender`
--

LOCK TABLES `Gender` WRITE;
/*!40000 ALTER TABLE `Gender` DISABLE KEYS */;
/*!40000 ALTER TABLE `Gender` ENABLE KEYS */;
UNLOCK TABLES;

--
-- Table structure for table `Users`
--

DROP TABLE IF EXISTS `Users`;
/*!40101 SET @saved_cs_client     = @@character_set_client */;
/*!40101 SET character_set_client = utf8 */;
CREATE TABLE `Users` (
  `UserID` int(11) NOT NULL AUTO_INCREMENT,
  `FName` text NOT NULL,
  `LName` text NOT NULL,
  `Age` int(11) NOT NULL,
  `Gender` varchar(40) NOT NULL,
  `ContinentOfBirthId` int(11) DEFAULT NULL,
  `OtherUniversity` varchar(128) DEFAULT NULL,
  `HowLearn` varchar(128) DEFAULT NULL,
  `CityOfResidence` varchar(128) DEFAULT NULL,
  `ContinentOfResidenceId` int(11) DEFAULT NULL,
  `CountryOfResidenceId` int(11) DEFAULT NULL,
  `EmailAddress` varchar(128) NOT NULL,
  `WhereUse` varchar(128) NOT NULL,
  `SeminarsAttended` varchar(200) NOT NULL,
  `UniversityId` int(11) NOT NULL,
  `YearsListen` varchar(20) DEFAULT NULL,
  `HowStart` varchar(60) NOT NULL,
  `HowUse` varchar(600) DEFAULT NULL,
  `AgeStart` int(11) NOT NULL,
  `Language` varchar(200) DEFAULT NULL,
  `Religion` varchar(100) NOT NULL,
  `Profession` varchar(100) NOT NULL,
  `Ethnicity` varchar(60) NOT NULL,
  `CountryOfBirthId` int(11) DEFAULT NULL,
  `Reside` int(11) NOT NULL,
  `CityName` varchar(32) DEFAULT NULL,
  `YearsRead` varchar(20) DEFAULT NULL,
  `YearsSpeak` varchar(20) DEFAULT NULL,
  `YearsWrite` varchar(20) DEFAULT NULL,
  `WhereLearn` varchar(256) DEFAULT NULL,
  `Textbook` varchar(160) NOT NULL,
  `Comments` varchar(500) NOT NULL,
  `last_update` timestamp NOT NULL DEFAULT CURRENT_TIMESTAMP,
  `OnlineCourse` varchar(100) DEFAULT NULL,
  PRIMARY KEY (`UserID`)
) ENGINE=INNODB AUTO_INCREMENT=505 DEFAULT CHARSET=latin1;
/*!40101 SET character_set_client = @saved_cs_client */;

--
-- Dumping data for table `Users`
--

LOCK TABLES `Users` WRITE;
/*!40000 ALTER TABLE `Users` DISABLE KEYS */;
INSERT INTO `Users` VALUES (499,'Eduardus','Engelsing',1973,'masculini',5,NULL,'magistri ductu in schola inferiori vel in universitate studiorum','35754',4,4814,'eduardo.engelsing@wwu.edu','','Biduum Angelopolitanum societatis q.i. SALVI # ter||Conventiculum Lexintoniense #semel||Conventiculum Maretiolense #semel||Conventus Academiae Latinitati Fovendae # bis||Scholae Instituti Polis Romae ',1019,'228','','legendo|loquendo|scribendo|auscultando|',17,'||Anglicam #sermo patrius est||Esperanticam # mediocriter didici||Gallicam # mediocriter didici||Germanicam # optime edidici||Graecam antiquiorem # mediocriter didici||Hispanicam # optime edidici||Ita','Atheus vel athea sum','professor universitarius vel profestrix universitaria linguae Latinae','Caucasicae',NULL,0,NULL,'228','228','228','|in universitate studiorum|in seminariis Latinis aestivis|in seminariis Latinis quae aliis temporibus fiunt|in circuli Latini sessionibus|in pagina prosopographica retis omnium gentium|auscultando nuntios Latinos retis omnium gentium|auscultando PODCASTS|l','Sermo Latinus Lingua Communis','Salvus sis, mi bone! EtcSalvus sis, mi bone! EtcSalvus sis, mi bone! EtcSalvus sis, mi bone! EtcSalvus sis, mi bone! EtcSalvus sis, mi bone! EtcSalvus sis, mi bone! EtcSalvus sis, mi bone! EtcSalvus sis, mi bone! EtcSalvus sis, mi bone! EtcSalvus sis, mi bone! EtcSalvus sis, mi bone! EtcSalvus sis, mi bone! EtcSalvus sis, mi bone! EtcSalvus sis, mi bone! EtcSalvus sis, mi bone! EtcSalvus sis, mi bone! EtcSalvus sis, mi bone! EtcSalvus sis, mi bone! EtcSalvus sis, mi bone! EtcSalvus sis, mi bone!','2018-11-27 00:58:44',NULL),(500,'asds','asds',1921,'feminini',1,'asd','parentis ductu','asdf',5,4864,'asd','','Biduum Angelopolitanum societatis q.i. SALVI #semel||',0,'0','','legendo|',1,'||Anglicam #sermo patrius est','fidem Mahometanam profiteor','discipulus universitarius vel discipula universitaria','Aethiopicae',NULL,0,NULL,'8','0','0','in schola inferiori','Cambridge Latin Course: vol.1, vol.2, vol.3, vol.4, vol. 5','asd','2019-09-13 03:57:50',NULL),(501,'Donnie','Brasco',1925,'masculini',4,NULL,'magistri ductu in schola inferiori vel in universitate studiorum','35741',4,4814,'yo@yo.com','','Biduum Angelopolitanum societatis q.i. SALVI # pluries||Conventiculum Bostoniense # ter||Conventiculum Dickinsoniense #semel||',0,'10','','legendo|loquendo|',12,'||Anglicam #sermo patrius est||Arabicam # optime edidici||Batavicam # mediocriter didici||Catalaunicam # leviter attigi','fidem Mahometanam profiteor','medicus vel medica','Australianae nativae',NULL,0,NULL,'8','10','9','in schola inferiori|in universitate studiorum|in seminariis Latinis aestivis','Lingua Latina per se Illustrata (H.Øerberg): vol.1, vol.2','','2019-10-16 16:00:27','Alex'),(502,'Eduardus','Engelsing',1973,'masculini',5,NULL,'solus vel sola libris aliisque instrumentis utens','35754',4,4814,'','','Biduum Angelopolitanum societatis q.i. SALVI # ter||Conventus Academiae Latinitati Fovendae # bis||Scholae Romanae Instituti q.i. POLIS # pluries||',1046,'240','','legendo|loquendo|scribendo|auscultando|',17,'||Anglicam # optime edidici||Catalaunicam # leviter attigi||Gallicam # mediocriter didici||Germanicam # optime edidici||Graecam antiquiorem # mediocriter didici||Hispanicam # optime edidici||Italicam ','Atheus vel athea sum','professor universitarius vel profestrix universitaria linguae Latinae','Caucasicae',NULL,0,NULL,'240','240','240','|in universitate studiorum|in seminariis Latinis aestivis|in seminariis Latinis quae aliis temporibus fiunt|in circuli Latini sessionibus|in pagina prosopographica retis omnium gentium|auscultando nuntios Latinos retis omnium gentium|auscultando acroamata,','nullo libro','optimus Census est','2019-10-17 21:40:30',NULL),(503,'Timothy','Morris',1971,'masculini',3,'Schola Cathedralis Wellensis','magistri ductu in schola inferiori vel in universitate studiorum','36051',3,4831,'tmm@radley.org.uk','','',0,'360','','legendo|scribendo|auscultando|',12,'Antiquam Anglicam leviter attiigi ','Christian-Other','magister vel magistra aliarum disciplinarum in schola inferiori','Caucasicae',NULL,0,NULL,'432','0','384','in schola inferiori|in universitate studiorum|legendo libros Latinos|scribendo epistulas Latinas ad amicos|In liturgia ecclesiastica necnon musica chori ','Ecce Romani: vol.1, vol.2, vol.3','','2020-01-06 19:12:22',NULL),(504,'Ricky','Gervais',1934,'masculini',3,NULL,'solus vel sola libris aliisque instrumentis utens','36596',5,4869,'waltripalex@gmail.com','','',0,'0','','',12,'','fidem Iudaeam profiteor','medicus vel medica','Caucasicae',NULL,0,NULL,'0','0','0','|in universitate studiorum|legendo libros Latinos|scribendo libellos Latinos','Latin for the New Millennium (T.Tunberg & M.Minkova): vol.1, vol.2., vol.3','','2020-07-31 04:13:36',NULL);
/*!40000 ALTER TABLE `Users` ENABLE KEYS */;
UNLOCK TABLES;

--
-- Table structure for table `Usersbkup`
--

DROP TABLE IF EXISTS `Usersbkup`;
/*!40101 SET @saved_cs_client     = @@character_set_client */;
/*!40101 SET character_set_client = utf8 */;
CREATE TABLE `Usersbkup` (
  `UserID` int(11) NOT NULL AUTO_INCREMENT,
  `FName` text NOT NULL,
  `LName` text NOT NULL,
  `Age` int(11) NOT NULL,
  `BirthCountry` int(11) NOT NULL,
  `Reside` int(11) NOT NULL,
  `cityName` varchar(32) NOT NULL,
  `YearsRead` int(11) NOT NULL,
  `YearsSpeak` int(11) NOT NULL,
  `YearsWrite` int(11) NOT NULL,
  `whereLearn` varchar(256) NOT NULL,
  `Textbook` varchar(160) NOT NULL,
  `Comments` varchar(500) NOT NULL,
  PRIMARY KEY (`UserID`)
) ENGINE=INNODB AUTO_INCREMENT=453 DEFAULT CHARSET=latin1;
/*!40101 SET character_set_client = @saved_cs_client */;

--
-- Dumping data for table `Usersbkup`
--

LOCK TABLES `Usersbkup` WRITE;
/*!40000 ALTER TABLE `Usersbkup` DISABLE KEYS */;
INSERT INTO `Usersbkup` VALUES (1,'Diane','Johnson',1949,63,63,'Everson',53,19,31,'Vasintoniae occidentalis studiorum universitas','',''),(2,'Benedictus','Martinez Zepeda',1984,76,76,'Mexicum',17,14,14,'Accademia Vivarium Novum','',''),(3,'Caecilia','Koch',1972,158,158,'Monasterii in Vestfalia/Muenster',35,28,30,'Legere coepi in schola secundaria (Gymnasium), loq','Cursus Novus (tantum ut legere discerem)','Optimum consilium mihi videtur talem censum instit'),(4,'Eduardus','Engelsing',1973,60,63,'Bellinghamiae',20,20,20,'In universitate Brasiliana UFRGS, et in Instituto ','Nullo libro sum usus','Census valde placet! '),(5,'Sarah','Joslin',1987,63,63,'Bellinghamiae',10,10,10,'in universtate studiorum (WWU)','',''),(6,'Ambra','Marzocchi',1983,165,165,'Caesena',22,13,13,'Et in schola secundaria (c. n. vulgo est Regio Gin','',''),(7,'Vicent','Josep',1982,161,161,'Valentia Edetanorum',12,0,0,'schola secundaria El Pilar (Valentia Edetanorum)','De bella gallica',''),(8,'Evan','Molendinarius',1965,3,150,'Londinium',14,12,13,'domi','Adler - A practical grammar of the Latin language ',''),(9,'Fernando','Guerrieri',1972,56,157,'Tolosa',10,0,0,'nil','Latin pour grands debutants, Methode assimil le la',''),(10,'Martinus','Freundorfer',1970,147,147,'ad Vindobonam',34,0,26,'Institutum Philologiae Classicae Vniuersitatis Vin','',''),(11,'Terry','Walsh',1958,163,150,'civitate sancti Edmundi apud Ice',51,41,51,'in collegio sancti Malachi (Belfast)','Latin for Today',''),(12,'James','Costa',1977,150,157,'Lugdunum',21,0,0,'','',''),(13,'Justo','Hernandez',1959,161,161,'Santa Cruz de Tenerife',36,36,36,'Schola Secundaria Penaflorida (Hispaniae) et Centr','multi libri fuerunt propter hoc titula eorum nunc ','Cogito hanc latinitatis censum magnam ideam esse e'),(14,'Ramos Maldonado','Sandra',1967,161,161,'Gades',36,7,13,'Vniuersitas Studiorum Gaditana','\"Lingua Latina per se Illustrata\" Iohannis Oerbe',''),(15,'Fabrizio','Traina',1970,165,165,'Vittoria',14,0,0,'','',''),(16,'Luis','Inclán',1947,161,161,'Gerunda (Girona)',49,16,41,'','Lingua Latina (Hans H. Orberg)',''),(17,'Chris','Lord',1963,150,150,'Londinium',41,13,36,'Chigwell School','Cambridge Latin Course',''),(18,'Andrew','Campbell',1966,63,63,'Shelburne Falls, Massachusetts',14,13,12,'Washington University, St. Louis','Lingua Latina per se illustrata',''),(19,'Francus','Bubenheim',1952,158,116,'Philadephia sive Amman',49,21,49,'in Gymnasio sive Lyceo Comitis Zeppelin (Graf-Zepp','1. Fundamentum Latinum, Lateinisches Unterrichtswe',''),(20,'Michael','Conti',1948,180,180,'Dogana  (in castro Serravallis)',50,0,0,'in schola secundaria','non teneo memoria','maxime Latina lingua utor ut instrumenta mediae La'),(21,'Elodie','Macler',1984,157,157,'Lutetia',20,0,0,'Sorbonne','',''),(22,'Juan-Benito','Alvarez',1986,160,160,'Genava',22,13,14,'','Latinissime',''),(23,'Fabien','Dubouchet',1987,157,157,'Camberiacum',15,0,13,'','\"Initiation à la langue latine\" (Déléani et Verm','Pedagogico scopo Latine loquendum esse opinor, quo'),(24,'Daniel','Arseneault',1979,61,61,'Urbs Quebeci',21,0,20,'Me ipsum docui','Multis libris usus sum','Nunquam viva voce latine locutus sum, immo quidem '),(25,'Andreas','Gollan',1961,192,63,'Lexintoniae',47,23,29,'Universitas studiorum Kentukiensis et al.','Cursus cantabrigiensis','Cur non vultis scire num iam doceamus vel discamus'),(26,'monica','mainardi',1966,165,165,'bonatis, in bergomensi provincia',34,0,5,'in lycaeo classico bergomensi antea, deinde in cat','',''),(27,'Robert','Patrick',1959,63,63,'Atlanta, Georgia',46,21,41,'in schola secondaria et universitate','Latin for Americans, Wheelocks, Using Latin, et nu',''),(28,'JavierPraenomen','Fran Sin',1964,161,161,'Barbastrum',33,17,19,'Instituto Hermanos Argensola.','',''),(29,'Andrew','Mihailoff',1980,63,63,'Scrantonensis',22,0,22,'Schola Praeparatoria Scrantoniensis','',''),(30,'Karolis','Lyvens',1991,168,168,'Memela',12,12,12,'Domi. Institutio optima.','Primum utebar grammaticam Adleris, sed nunc permul','Gaudeo, quod tam multum interreti homines utuntur '),(31,'Brennus (Bryan)','Iglesiacandida (Whitchurch',1979,63,63,'Novum Eborachium (Burgensis Broo',20,15,0,'Dum discipulus magistralis eram apud Universitatem','sunt nimia ut hic scribantur. Recenter LFA, etiams','Spero ut nos, censu facto, consumationem certiorem'),(32,'Marc','Moskowitz',1972,63,63,'Arlingtonia, Bostoniae suburbs',31,23,25,'','',''),(33,'Gustavo','Olivieri',1976,60,60,'Flumen Ianuarius',17,0,3,'Universitas Foederalis Fluminis Ianuariis (UFRJ)','diversi','Bonum esse arbitror ut hoc census sit.'),(34,'Carlos','Cabanillas',1966,161,161,'Almendralejo',31,0,0,'I.E.S. Santiago Apóstol','Lingua Latina per se Illustrata','Latine loqui ac scribere conor, sed difficile mihi'),(35,'Ann','Martin',1949,63,150,'Bracknell',53,15,17,'','Lingua Latina, Oerberg','hodie lingua Latina per Skype utor; quoque in circ'),(36,'Dr. Wilfried Heinrich','Lingenberg',1969,158,158,'Pirmasens',41,13,36,'Universität Bonn, University of Oxford','',''),(37,'Keith','Rogers',1966,150,150,'Lewes',42,15,42,'Brighton & Hove High School','Cambridge Latin Course',''),(38,'Christopher','Ecclestone',1961,192,63,'Nova York',12,2,4,'Collegium Parade, Melbourne','',''),(39,'Lucius','Ranierius',1984,63,63,'Kintnersville',15,15,15,'','Lingua Latina Per Se Illustrata (Ørberg)','Gratias pro hoc censu! Namque opus est nos omnes s'),(40,'Aloisius','Miraglia',1965,165,165,'Montellae',41,38,37,'in Lyceo classico ab \"Umberto I\" nuncupato - Nea','Lingua Latina per se illustrata (libro scilicet ab',''),(41,'Rufus','Dies',1961,63,63,'Pistrinum Rivulo / Millbrook',23,13,0,'Dutchess Day School','Cambridge Latin Course',''),(42,'Hermann','Gottschewski',1963,158,111,'Tokyo',47,15,16,'Evangelisches Gymnasium zum Grauen Kloster (Berlin','Lingua Latina per se illustrata (auctore Montaurio',''),(43,'Philippe','Combot',1964,157,157,'Telone Martio (Toulon)',36,0,0,'Universitas studiorum Redonensis II (Université de','Assimil Latinum (Le latin sans peine)',''),(44,'Stephanus','Di Brazzano',1971,165,165,'Tergeste',35,29,34,'Vt discipulus: Lyceum-gymnasium publicum Tergestin','Vt discipulus: Vrbis et orbis lingua a Victorio Ta',''),(45,'David','Noe',1973,63,63,'Michigania',27,17,17,'Collegio Calviniano','Libris variis utor',''),(46,'Travis','Yeager',1975,63,63,'Cincinnati',24,12,21,'Universitas Indianensis','Wheelock',''),(47,'Iosephus','Calvillo',1944,76,76,'Zapopan',51,49,50,'Ioannes Ponce de Leon','Immemor',''),(48,'Praenomen','Nomen Gentilicium',1977,60,60,'Portus Alacris in Flumine Magno ',17,12,0,'Universitas Foederalis Fluminis Magni Meridionalis','Lingua Latina per se illustrata - Hans H. Orberg',''),(49,'Claudiberto','Fagundes',1977,60,60,'Portus Alacris in Flumine Magno ',17,12,0,'Universitas Foederalis Fluminis Magni Meridionalis','Lingua Latina per se illustrata - Hans H. Orberg',''),(50,'Robert','Koonce',1978,63,63,'Pensacola, Florida',26,12,12,'Case Western Reserve University','',''),(51,'Francesco Saverio','Quatrano',1987,165,165,'Campus Sanus',14,12,12,'Liceo Scientifico E.Medi','Primus Liber','Libenter latine loqui soleo, sed in schola latina '),(52,'Nicholas','Mauriello',1986,63,63,'Hillsborough civitate in Carolin',20,1,13,'in schola secundaria, nomine West Rowan High Schoo','Jennys Ed. 1989, et Cambridge Latin Course','loqui apud Conventiculum Lexintoniense hoc in aest'),(53,'Diane','Arnson Svarlien',1960,63,63,'Lexintonia (Lexington, Kentucky)',36,22,0,'','','particeps fui ab initio (MCMXCVIII, ut puto) in Co'),(54,'David','ONeil',1979,63,63,'Potsdam',15,1,13,'Purdue','Wheelocks',''),(55,'Svorad (Zoerardus)','Zavarský',1977,185,185,'Bratislava (Posonium)',26,12,0,'Universitas Comeniana Bratislavae (Posonii)','','Etsi me Latine loqui scripserim, id tamen non est '),(56,'Anna','Andresian',1978,63,63,'Reno, Nevada',28,13,28,'Polytechnic School, Pasadena, California','Jenney & Latin for Americans',''),(57,'Ralph','Aulenta',1959,63,63,'Angelopolis, Californiae',31,0,0,'','Allen & Greenough',''),(58,'Iosephus','Faber',1944,162,162,'Herend',51,0,51,'Schola secundaria Ordinis Sancti Benedicti  in Mon','diversis libris in Hungaria editis',''),(59,'Christopher','Jones',1964,63,63,'Chicago, IL',36,16,5,'Marquette University','Amplius quam meminisse possim...','Consilium tuum admirandum hoc de censu plaudo; Quo'),(60,'Angela','Crnobrnja',1962,152,152,'Zagrabiae',41,19,21,'Gymnasium Luciani Laurani Zagrabiensis','Familia Romana','Valde gaudeo, quod vires Latinas coniungere poteri'),(61,'Albertus','Laurentius',1982,161,161,'Vallisoletum',21,6,20,'IES Alfoz de Lara','nullus',''),(62,'Lucas  (Luke)','Henderson',1974,63,63,'Monicopolis  (Santa Monica) Cali',26,18,0,'Universitas Kentuciana & Wenatchee Valley College','',''),(63,'Sandy','Hughes',1970,63,63,'In urbe Knoxville',19,1,19,'University of Kentucky - Conventiculum','',''),(64,'Teresa','Roguski',1960,63,63,'Eagan, Minnesota',46,21,46,'Lathrop High School, Fairbanks, Alaska; University','Latin for Americans','Hic Census est bonum propositum!  '),(65,'Laurie','Glenn',1983,63,63,'Bostonia',23,17,17,'Schola Aestiva Reginaldi Foster','',''),(66,'Ulrike','Hingst',1967,158,158,'Hammaburgi',43,0,35,'FEG, Hamburg','Oerbergiensibus',''),(67,'Chris','Behrens',1972,63,63,'Kennedale, TX',31,31,31,'Duncanville Schola Secundaria','','Mirabile visu! Mirabile dictu! Hic frigidissimus e'),(68,'Dennis','Rayl',1944,63,63,'Paulopolis, MN',31,16,31,'Conventiculum Kentuckiense','',''),(69,'José Antonio','Bellido Díaz',1963,161,161,'Geldubae, prope Hispalim (Gelves',42,0,37,'Universitas Hispalensis','Lingua Latina per se illustrata',''),(70,'Josephus','Saltator',1972,63,63,'Prasinopolis, Carolina Septentri',15,14,13,'','',''),(71,'Ioannes Baptista','Lorenzo',1975,161,161,'Lucentum',21,2,21,'Vniversitas Studiorum Murciana','value',''),(72,'Ryan','Crennen',1986,63,63,'Denverium',14,0,12,'University of Colorado','Wheelocks Latin, Lingua Latina by Hans Orberg','Estne melior (id est, utilior quoniam numerum majo'),(73,'Tyler','Skarz',1984,63,63,'Didacopolis',12,0,0,'','',''),(74,'Jonathan','Arrington',1982,63,63,'Prope Prasinopolim, Carolinae Me',17,17,17,'Furman University','Lingua Latina ET Cursus Linguae Latinae Vivae una ','Omnia ad maiorem Dei gloriam atque in honorem Beat'),(75,'Brandtly','Jones',1976,63,63,'Villae',30,13,21,'McCallie','Jenny et Cambridge Latin Course',''),(76,' Iohannes A. (Juan Andrés) ','Eques (Caballero) ',1966,161,161,'Gigia (Gijón) ',39,39,39,'Vallisolleti Vniuersitas (Universidad de Valladoli','multi sunt ',''),(77,'Maximilianus','Distaso',1967,165,165,'Pratum',39,21,39,'Lycaeum Gymnasium \"Dantes Alagherius\" Florentiae','Le Latin Sans Peine (Assimil)',''),(78,'Matthias','Herrberg',1983,158,158,'Bamberg',19,0,0,'Ignatz-Taschner-Gymnasium Dachau / Universität Bam','Cursus compactus','Prîmum dîcendum reor nihil rogârî in istô Cênsû dê'),(79,'Matthæus','Zawadzki',1982,178,63,'in Lacu Caroli',16,12,15,'','Adler practical grammar','Velim ut sermo latinus latius in mundo propagetur,'),(80,'Eugenius','Hamilton',1980,63,63,'Casparium,  (casper, Wyoming)',19,13,13,'universitas novi mexici','Wheelock.',''),(81,'Brian','Embry',1982,63,61,'Torontoniense',12,1,1,'','','Coepi loqui Latine apud Conventiculum in Urbe Lexi'),(82,'Praenomen','Nomen Gentilicium',1969,158,158,'in vico rustico in regione Eifel',21,0,0,'','','linguam latinam in schola didici, paulum in univer'),(83,'RJ','Parsons',1978,63,63,'Angelopoli',32,13,31,'CSULB','Lingua Latina per se Illustrata',''),(84,'Uvius','Fonticola',1963,158,158,'Monacum',45,12,13,'Gymnasium Josephinum, Hildesiae in Germania','Ars Latina, Latine sine molestia',''),(85,'Robert','Flammang',1965,63,63,'Pittsburgum',18,0,0,'Autodidactus sum.','Gavin Betts, \"Teach Yourself Latin\"',''),(86,'Theodorus (Nathan','Freeman',1980,63,63,'Lexintonia',14,13,9,'Universitas Kentukiensis','Introduction to Latin Prose Composition (Milena Mi',''),(87,'Eduardus','Heffernan',1982,63,63,'Philapdelphiae',13,1,5,'','',''),(88,'Christophorus','Ager',1963,63,63,'Lynbrookiensi',47,47,47,'N/A','\\\\\\\\\\\\\\\"Latin',''),(89,'Frank','Lyon',1959,192,192,'Melbourne',14,0,13,'','Lingua Latina per se Illustrata',''),(90,'Jamie','Johnston',1981,150,150,'LondiniÃ­.',16,16,16,'Schola LatÃ­na ÃšniversÃ¡lis.','Desessard, Â«Lingua LatÃ­na sine molestiÃ¡Â».',''),(91,'Maximiliano','Bruno Pique',1987,56,56,'Mar del Plata',6,0,1,'In Domi','LINGVA LATINA PER SE ILLVSTRATA','Salvete,\r\n\r\nlinguam latinam amo, sed scribere et l'),(92,'Carlos','Alonso',1989,161,162,'granada',16,13,0,'in schola secundaria','',''),(93,'Iaenus','Hispánicus',1975,161,161,'Valentia',21,6,21,'Universitas Auringuis','Santillana 2º Bup',''),(94,'Kay','Reyes',2008,63,63,'Hartville, OH',41,20,41,'Ada','',''),(95,'Emily','Thomas',1990,63,63,'Tuscaloosa',16,13,16,'','Ecce Romani; Aeneid; Metamorphoses Ovidi; Carmina ',''),(96,'Martin','Sauer',1973,158,158,'Esco',34,19,27,'gymnasium, postea universitas studiorum','cursus latinus',''),(97,'M. L.','Harrison',1981,63,63,'Danville, Virginia',18,0,0,'Collegium Guilielmi et Mariae in Virginia; Univers','Wheelock (W&M); Gildersleeve & Lodge (Cornell);  W',''),(98,'Simo','Schick',1988,158,158,'Bamberga urbs',17,14,15,'in gymnasio Bambergensi','Libro grammatico, qui \"Copia\" (Menge) inscribitu','Si lingua Latina floret et crescit et augetur, ben'),(99,'Ramón','Sabaté',1951,161,161,'Caesaraugstae',51,41,27,'','',''),(100,'Praenomen','Nomen Gentilicium',1965,150,192,'Littore Auro',17,17,17,'University of New England / Sydney Grammar School','So You Really Want to Learn Latin',''),(101,'Sandrien','Noppen',1985,148,148,'Saventas (Bruxelis)',21,0,0,'Universitas Bruxellensis Liber (VUB)','',''),(102,'Germanicus','Hispanicus',1972,161,161,'Valentia',13,12,12,'In universitate studiorum','Lingua Latina per se illustrata',''),(103,'Marcus','Miles',1976,63,63,'Franciscopolis',31,16,25,'Cathedral School for Boys','','V annos Conventiculo Lexingtoniae intereram, sed L'),(104,'Germanicus','Hispanicus',1972,161,161,'Valentia',13,12,12,'In universitate studiorum','Lingua Latina per se illustrata',''),(105,'Alan','Moore',1948,63,63,'Laramia',14,0,0,'Nihil','Wheelock et Lingua Latina',''),(106,'Praenomen Dr. Rudolphus','Nomen Gentilicium Masciantonio',1940,63,63,'Philadelphia in Pennsylvania',51,51,51,'Universitas Pennsylvaniensis, Universitas Templana','Lingua Latina per Se Expliocata, Artes Latine, Ecc','Census Latinus est coeptum magni momenti. Auctores'),(107,'Kevin','Fogarty',1956,63,63,'Kansanopolis',50,1,50,'Seminarium Sancti Francisci Cincinnatense','Artes Latinae ab Waldo Sweet',''),(108,'Oscar','Vega-Roldan',1938,76,76,'Coyohuacan',1,0,6,'nulla','Lingua Latina per se, illustrata',''),(109,'Dominicus ','DAlonzo',1984,63,63,'Cincinnatopolis',1,1,0,'Academia Dominae Nostrae Cincinnatenis ','Wheelocks,  Aeneis',''),(110,'Carvalho','Adilson',1977,60,60,'Curitiba',12,12,12,'in domus meus','Gramatica Latina - Prof Napoleão de Almeida',''),(111,'Terentius','Tunberg',1951,63,63,'Lexintoniae',53,36,51,'In','Multis',''),(112,'Ellen','Joyce',1966,63,63,'Beloit, WI',4,0,1,'Beloit College','Patrologia Latina/MGH',''),(113,'Miguel','Monteiro',1989,169,169,'Aeminium vel Coimbra',12,0,12,'Universitas Conimbrigensis','Lingua Latina Per Se Illustrata',''),(114,'PraenomenCheryl','Nomen GentiliciumFouche',1943,200,200,'Tauranga',9,0,9,'','lingua latina facilis facta',''),(115,'Paulus','Villaoslada',1972,161,158,'Mannehemii',24,16,16,'palulum in gymnasio magis in Universitate','','Magis me inducerunt ad Latinitatem vivam sessiones'),(116,'Santiago','Arrondo',1980,161,161,'Barcino',21,0,13,'in gymnasio et in CaesarAugustae Studidio Generali','multos libros usus sum, sed millior est \"Lingua L',''),(117,'Antonius','Blantran de Rozari',1970,114,114,'Bogoriensis',15,0,15,'','',''),(118,'Martinus','Jansenius',1984,176,176,'Forum Hadriani',23,0,15,'Academia Lugduno Batava','',''),(119,'Jan ','Morávek ',1983,189,189,'Civitas Nova sive Uni&#269;ov ',19,12,16,'Universitas Caroli ','',''),(120,'Joaquim','Miracle',1965,161,161,'Tarraco',35,0,0,'Seminari Menor de Tarragona','',''),(121,'Josephus','Rojas',1971,161,161,'Gadibus (Cádiz)',31,18,19,'Schola Baccalauratus \"Isla Verde\"; studiorum Uni','libris ratione grammatica scriptis ad textus verte','gaudeo quod publicus census universus proponitur q'),(122,'Juan Pablo','Fernández del Rïo',1980,161,161,'Corduba',13,0,13,'','Lingua Latina Per Se Illustrata',''),(123,'Petr','Honc',1982,189,189,'Pragae',22,17,17,'Vivarium Novum','',''),(124,'Iulia','Brandes',1986,158,158,'Stutgardiae',19,14,18,'','Latinum B',''),(125,'Neill','Payne',1955,63,63,'Asheville, NC',15,15,15,'','Lingua Latina per se illustrata',''),(126,'Oliver','Mundy',1951,150,150,'Redruth',51,0,51,'In Collegio Regio (Universitatis Londiniensis part','','Felicibus auibus procedat inquisitio uestra!\r\n\r\nNo'),(127,'Javier','Soage Otero',1991,161,161,'Ponte vetera',13,0,12,'Johan Carballeira','LINGVA LATINA per se Illustrata',''),(128,'Andrey','Kuriashkin',1973,132,132,'Semipalatinsk',16,0,16,'','Lingua Latina per se illustrata. Le Latin sans pei','Etiam multi libri sunt, lingua Latina scripti, in '),(129,'Rauli','Häyrynen',1983,156,156,'Hattula',18,0,18,'in Universitate Helsingiensi in Finnia','Elementa linguae Latinae (a Palmén et Pekkanen scr',''),(130,'Lukas','Hofman',1988,189,189,'Praga',13,13,12,'','Lingua Latina per se illustrata',''),(131,'Praenomen : Salvador','Nomen Gentilicium: Bernet  Bonals',1953,161,161,'Conca    (Cuenca)',51,14,14,'Instituto de Enseñanza Secundaria \"Fernando Zóbel','Lingua Latina Per Se Illustrata (H. Oerberg)','Iam abhinc tres annos sermoni latino vivo operam d'),(132,'Remus','Cibinensis',1985,181,181,'Cibinensis',13,6,3,'','',''),(133,'Paulus','Kangiser',1944,62,62,'In Iacobopoli (Santiago de Chile',51,0,51,'Universitas Studiorum Catholica Chilensis','Petitmangin, L Rubio, Riemann, G. Godoy.','Litteras Latinas puto pertinere ab anno 451 (Lex X'),(134,'Vojin','Nedeljkovi&#263;',1965,184,184,'Belgradi',36,31,31,'','',''),(135,'Praenomen','Nomen Gentilicium',1984,63,63,'In urbe Sancti Ludouici (i.e. An',21,13,14,'','',''),(136,'Ignatius','Armella',1986,76,76,'Mexicopolis',16,13,13,'Universitas studiorum Mexicana','',''),(137,'ILIEV','Ivan',1985,151,151,'Serdica',21,15,15,'Universitas studiorum Serdicensis Sancti Clymenti ','',''),(138,'Iosua','Saeptus',1984,63,63,'Vrbs Sancti Ludouici',15,3,13,'Vniuersitas Vasingtoniensis in Vrbe S. Ludouici','Wheelock','ista quaestio interretalis seu aegre submitti pote'),(139,'Francisco','de la Hoz',1979,161,161,'Bilbao',26,12,13,'','',''),(140,'Joon','Kim',1990,104,192,'Sydneium',5,0,0,'North Sydney Boys High School, University of Sydne','',''),(141,'Daniel','Fearnley',1968,63,150,'Oxford',3,3,3,'Domi','Latinum podcast/Adler -- A Practical Grammar',''),(142,'Jana','Janovèíková',1982,189,176,'Tilburg',16,0,0,'Universitas Carolina (Pragae)','František Novotný, Základní Latinská mluvnice',''),(143,'Grigory','Eremeev',1981,132,63,'Los Alamos',15,0,0,'','Cambridge Latin Course',''),(144,'James (Iacobus)','Reyes',1974,63,63,'Denver',31,21,21,'Ludus Secundarius Sancti Michaelis, Universitas Co','Henle',''),(145,'Dan','Spragens',1986,63,63,'Sheridan, Wyoming (Seridan, Vyom',13,13,13,'nihil','Wheelock 6th Edition',''),(146,'Iacobus','Zytek',1980,189,189,'Praga.',23,19,21,'Universitas Carolina Pragensis, Facultas Philosoph','',''),(147,'Georgius','Semenovus',1961,190,190,'Odessa',21,18,18,'SLU','\"Ars grammatica\" Belovi, \"Grammatica Latina\" S',''),(148,'Bill','Clague',1970,192,192,'Brisbane',31,26,31,'University of New England','','Verba nova difficile factu.'),(149,'Jiri','Cepelak',1983,189,189,'Pragae (Praha)',20,15,16,'Schola linguarum urbis Pragae, Universitas Carolin','Ludus Latinus (auctore Carolo Ohnesorg)','Nunc cum et ego et magister meus, qui primum me li'),(150,'JavierPraenomen','Fran Sin',1964,161,161,'Barbastrum',34,17,19,'','',''),(151,'JavierPraenomen','Fran sin',1964,161,161,'Barbastrum',34,17,19,'Instituto Hermanos Argensola','\"Introducción a la sintaxis estructural del latín',''),(152,'Praenomen','Nomen Gentilicium',1976,60,161,'Matriti',19,19,19,'In Instituto Goethe, magistro Eduardo Engelsing, e','',''),(153,'PraenomenGiovanna','Pergolesi',1939,165,165,'Sena Gallica',53,2,19,'Universitas Bononiae','Multis libris usa sum; nunc Familia Romana  ',''),(154,'Petr','Tyl',1954,189,189,'Luna',17,0,14,'Gymnasium Slaný','Pech-Latina',''),(155,'Gonzalo','Jerez',1990,161,161,'Matritum',14,12,13,'','',''),(156,'Emilio','Canales Muñoz',1966,161,161,'Almería',39,15,13,'','Lingua Latina per se illustrata',''),(157,'Praenomen','Nomen Gentilicium',1964,161,161,'malaca',30,0,12,'granata','sintaxis latina de Valentí Fiol',''),(158,'Robert','Williams',1946,63,63,'Stafford',53,22,22,'Memorial Sr. High School','Latin for Americans',''),(159,'Ranucius','Puer',1959,158,158,'Rhenobaci habito',51,31,31,'Gymnasium Rudolingense','','Nonne scitis, quo modo \"more than 40 years\" lati'),(160,'Caleb','Herbert',1996,63,63,'Belton, Missouri',1,1,0,'Domi','',''),(161,'Caleb','Herbert',1996,63,63,'Belton, Missouri',1,1,0,'Domi','LINGVA LATINA, interreto',''),(162,'Petrus','King',2008,63,63,'Novum Eboracum',36,0,36,'apud scholas Societatis Jesu','',''),(163,'Keith','White',1956,63,63,'Berkeley, CA',13,0,0,'','Latinum',''),(164,'Wolfram','Bohmhammel',1958,158,158,'Berolinum',49,28,42,'in schola Humboldt; Berolini primum didici.','Olim didici libro \"porta\" nominato.','Hodie ipse lingua Latina doceo in schola. Sine lib'),(165,'Vesna','Kezele',1965,152,152,'Zagrabia',36,12,0,'Gymnasium secundum Zagrabiensis','Hereditas linguae Latinae, Elementa Latina, Orbis ',''),(166,'Ferdinandus','Sanz',1966,161,161,'Osca',31,0,13,'Universitas Caesaraugustae','',''),(167,'Ennius','Antoniolus',1942,60,60,'Londrina',21,0,21,'Private didisci','','Gratias ago pro labore vestro!'),(168,'Stefano','Rocca',1963,165,165,'Genuae',45,24,24,'Universitas Studiorum  Genuensis','plurimi, inter quos primum locum obtinent illi Ers',''),(169,'Perry','Tavenner',1962,63,63,'Bozeman (Bozevir)',29,16,21,'','',''),(170,'Perry','Tavenner',1962,63,63,'Bozeman',30,16,23,'University of Montana (Universitatis Montanae Miss','Wheelock, Latina Lingua (Oerberg), Oxford Latin Co','Gratias tibi hoc censu. Semper vivet Latina!'),(171,'Miller','Krause',1977,63,63,'Lexintonia',25,14,14,'in Studiorum Universitate Kentukiensi','',''),(172,'Pablo','Martínez',1986,161,161,'Malaca',17,0,0,'','Lingua Latina per se Illustrata, il latino senza s',''),(173,'Praenomen','Nomen Gentilicium',1982,140,140,'Istanbul',16,12,12,'Universitas Istanbulis','Oxford Latin Course',''),(174,'Irisatus','Iocohamensis',1964,111,111,'Yokohama',35,0,7,'Keio University','Raten Kobunten / Shokai Raten Bunpo ','Cum adventu interretis puto numerum latino utentiu'),(175,'Demetrius','Scribonius',1981,182,176,'Colonia ultra Rheni Trajectum',22,0,20,'','',''),(176,'William','Movish',1972,63,150,'Londinium',18,0,18,'','Wheelocks, Teach Yourself Latin 1948 edition','Dum indicia mittere conarer, hic error ortus est :'),(177,'VICTORIVS','CIARROCCHI',1938,165,165,'Nomen urbis: Pisaurum; vulgo: Pé',33,28,26,'Nulla in universitaria institutione in sermonem La','Nihil habeo quod respondeam.','1) Huius census propositum laudo proboque. 2) Serm'),(178,'Colin','Brodd',1975,63,63,'Cranstonia',28,23,23,'Universitas Insulae Rhodensis (University of Rhode','Wheelocks Latin','In omnibus sitibus Latinis de hoc censu scribam! '),(179,'Pedro','Campobelo',1980,60,60,'Florianópolis',14,0,0,'','Gramática Latina, de Napoleão Mendes de Almeida',''),(180,'Iustinus','Mansfield',1973,63,63,'Sicagi',32,32,32,'Primum quidem incubui in Lake Country School. Post','',''),(181,'Mason','Smith',1954,63,63,'Richmond, Kentucky, USA',12,12,0,'Self-study ','Cambridge Latin Series I-IV (N. America ed.)',''),(182,'jose ','campos',1934,161,63,'Kalamazoo MI',21,0,11,'none','many','Magna delectatio mihi res Latinas legere et improb'),(183,'Vladimir','Boskovic',1980,184,63,'Bostonia',23,19,21,'Universitas studiorum Belgradensis','',''),(184,'Jan','Sipos',1988,152,152,'Zagrabiae',13,12,12,'Schola secundaria Zagrabiae; Academia Vivarium Nov','Elementa Latina; cetera ex auctoribus antiquis','Optimum atque laudandum hoc consilium censeo.'),(185,'Giacomo','Andreucci',1980,165,165,'Caesena',25,0,4,'in schola secundaria ','Corso di latino Alosi Paglianil, Petrini Editore 1','Puto Internet esse instrumentum maxime utile ad di'),(186,'Luis','Acevedo Lazzarini',1948,63,63,'Aguadillam, Porto Rico',14,0,1,'Nihil','Cambridge Latin Course Unit 1&2','Quamquam Cambrige esse utilis, Cornellius Colloqui'),(187,'Karen','Zeller',1960,63,63,'Cottage Grove',42,18,18,'Princeton','Wheelock',''),(188,'Jacobus','Ui Domhnaill',1950,158,63,'Vasingtonia',53,0,0,'Gymnasium societatis Iesu in civitate Elpasensi','\"Using Latin I\"','macte virtute!'),(189,'Michael','Myer',1961,63,63,'Columbiae, in Carolina Meriodion',30,15,26,'Apud Universitates Texiae in Arligntonia et Dukian','Docendo Wheelock utor.',''),(190,'Margareta','Nomen Gentilicium',1971,63,63,'Salem, OR',30,16,16,'Texas A&M University','Wheelock, Jenny, CLC',''),(191,'Marion','Smedberg',1950,63,63,'Sterling, Virginia',31,31,31,'domi','Lingua Latin, Using Latin, Latin by the Natural Me','In ecclesia Catholica Latine canto, et Latinam dis'),(192,'Matthaeus','Keil',1979,63,63,'Novi Eboraci',14,12,3,'Hunter','Latin:','Forsan et haec olim meminisse iuvabit!'),(193,'Renato','Piva',1951,165,160,'Ostermundigen Bernae',41,41,41,'Universitas Bernensis','Krüger - Lateinisches Unterrichtswerk B',''),(194,'David','Goldfarb',1968,63,63,'Houston',19,0,0,'','',''),(195,'Praenomen Gilda','NomenÂ Gentilicium Cruz',1938,60,169,'Lisbona',14,0,0,'','Wheelocks Latin',''),(196,'Ingrid','van Garderen',1970,176,176,'Nieuwegein',16,0,12,'Primo in schola Latine didici, sed multos annos ni','variis libris utor, inter eos Oerberg, Adler, ',''),(197,'Enti','Arends',1987,176,176,'Groningen',22,0,0,'Willem Lodewijk Gymnasium, Groningen','Roma',''),(198,'Bobbiejo','Winfrey',1980,63,63,'Louisville',20,6,12,'University of Kentucky','Wheelock',''),(199,'Marcelus','Lorente',1975,161,161,'Ubeda',19,0,0,'Universitas granatensis','Pro Arquia, Eneida, Coniuratione Catilinae',''),(200,'Gaius','Licoppe',1931,148,148,'Bruxellis',44,44,44,'','',''),(201,'Richard','Freed',1979,63,63,'Bostonia',29,16,29,'Accademia Latina Bostoniensis','','viveat Latina lingua'),(202,'Francisca','Licoppe-Deraedt',1960,148,148,'Bruxellis',41,37,37,'studiorum universitas Namurcensis et Lovaniensis','',''),(203,'Susan','Anderson',1948,63,63,'LosAngeles',41,0,0,'University','Wheelocks',''),(204,'Felix','Soden',1951,163,163,'Dublina',51,0,51,'schola','Reading',''),(205,'Ann','Hengel',1969,63,63,'In Litore Pismo habito.',16,0,0,'','',''),(206,'IOANNES','TURRISORICIS',1957,165,165,'AGRIGENTO',12,0,0,'','FAMILIA ROMANA',''),(207,'Praenomen','Nomen Gentilicium',1960,192,192,'Canberra',24,0,0,'','',''),(208,'Waldemar','Loska',1974,178,150,'Londinium',15,0,0,'UniversitasSilesiensis; UniversitasJagellonicaCrac','',''),(209,'Fiore ','Cianflone',1947,63,63,'Buffalo',21,0,0,'nulla','Oxford Latin Course',''),(210,'Adrian','McDermott',1961,150,160,'Turicum',46,0,3,'Collegianum Salesianum, Farnborough','',''),(211,'Xaverius','Martínez Calvo',1954,161,161,'Turiassone',41,0,16,'','',''),(212,'Phranciscus Ioseph','Sicilia Fernández',1963,161,161,'Madrid',29,0,0,'Universitas Complutensis','',''),(213,'Francisco Javier','Bellido',1962,161,161,'Salmantica',31,14,14,'Universitas Salmanticensis','Lingua latina per se illustrata','Effundere  debemus  latinam linguam per totam terr'),(214,'Praenomen Karel','Nomen Gentilicium Mareš',1947,189,189,'in vico Roèov, latine quondam Al',41,0,41,'Univeritas Carolina Pragae','varia scripta ad usum studiorum','Diu nomen patriae meae in catalogo sub numero III.'),(215,'Iosephus','Vallisoletum Malus',1958,161,161,'Pallantia',45,17,45,'Ludi didici.','Florilegium Latinum. Hodie saepe LLPSI utor; ut re','Vero mihi placet. Sed haud omnia hic restare exopt'),(216,'Praenomen','Nomen Gentilicium',1977,161,161,'Barcino',21,16,0,'','',''),(217,'Guillem','Cintas Zuazua',1977,161,161,'Barcino',21,16,0,'Universitas Barcinonensis','Lingua Latina secundum…',''),(218,'Juan-Gastón','Messerschmidt',1963,56,158,'Monacum',41,0,0,'Institutum Maragall (Barcino, Hispania), Universit','',''),(219,'Santiago Alejandro','Cuevas Quiñónez',1988,76,76,'Hermosillo, Sonora',1,0,0,'libere','Lara Torres, L. (O. Riemann y E. Goelzer) 7ª Edici','\"Aliud alios movet, ac plerumque parvae res maxim'),(220,'Akihiko (Accius)','Watanabe',1973,111,63,'Davisium sive Davis',28,24,25,'Universitas Californiana Davisii','','Salve mi Eduarde.'),(221,'Praenomen','Nomen Gentilicium',1990,165,165,'Prati habito (Pratum,i  Italice:',13,1,14,'in schola secundaria: Liceo scientifico Niccolò Co','nominis oblitus sum!','Spero hunc Censum successurum esse sed nescio an p'),(222,'Francisco','F',1991,56,56,'Buenos Aires',16,0,16,'Colegio Nacional de Buenos Aires','Latín 1 -- Lengua y civilización -- Marta Royo',''),(223,'David','Hewett',1984,63,63,'Charlottesville, VA',21,14,14,'','','per tot annos laborabam ut vel legerem. Dein Regin'),(224,'Leo','Sigal',1964,132,132,'Moscova',41,39,40,'Universitas studiorum Moscovita','A. Ch. Kozargevskiy Lingva Latina','Opus optimum est!'),(225,'Alex','Vetus',1970,182,132,'Mosca',3,3,3,'','Lingua Latina per se illustrata',''),(226,'Praenomen IOSEPHUS','Nomen Gentilicium LABRACA',1962,161,161,'ALMERIA',29,0,29,'INSTITUTO NICOLAS SALMERON Y ALONSO','LENGUA LATINA DE SANTILLANA','GRATIAS'),(227,'Demetrius','Torshilov',1968,182,132,'Mosquae',33,0,31,'Academia Elisabethana Mosquensis','varios libros',''),(228,'Helena','Cepelia',1987,182,182,'Mosqua',16,0,0,'','',''),(229,'Antonius','Haaker',1977,157,157,'Vesontione',22,19,16,'Universitas Insulensis atque Universitas Kentuckia','Liber seriei Assimil q.i. Lingua Latina sine moles',''),(230,'Rostyslav','Paranko',1975,190,190,'Leopolis (Lviv)',26,0,0,'Universitas Leopoliensis in honorem Iohannis Frank','Hans Oerberg. Lingua Latina per se illustrata',''),(231,'Alonso','Zaira Maria',1988,161,161,'Vicus Helenis',1,0,0,'universitas valencianum','',''),(232,'Praenomen BENEDICTUS','Nomen GentiliciumHORTELANENSIS1',1960,161,161,'MURCIA',34,12,0,'in Victoriae civitatis universitate','libis Familia Romana et Roma Aeterna usus sum',''),(233,'Alexius','Scatebranus (Solopov)',1965,182,182,'Moscouiae',38,34,37,'Academia Moscouiensis (Moskauer Univ.)','','Puto iam dudum talem censum constitui oportuisse, '),(234,'Michael','Shumilin',1986,182,182,'Mosquae',17,13,5,'RGGU','',''),(235,'Petrus','Tanatarov',1989,190,190,'Charcovia',12,0,0,'universitas studiorum Charcovensis nationalis','',''),(236,'Alexius','Belousovius',1976,132,182,'Mosqua',17,15,15,'Universitas','',''),(237,'Rodericus (Rodrigo)','Portella Sanctius (Portela SÃ¡nchez)',1982,161,161,'Vallisoleti',22,18,18,'In universitate studiorum PhilologiÃ¦ ClassicÃ¦ op','',''),(238,'Sandra','Ballón García',1984,161,161,'Valladolid',17,0,17,'Amor de Dios','',''),(239,'Jacob (DECIMVS)','Paulsen (PAVLVS)',1979,63,63,'In Civitate Minnesotae, In urbe ',14,12,13,'Duscipulus sum. Linguam Latinam in Universitate Mi','Learn to Read Latin - Andrew Keller and Stephanie ','Noster Deus Latinus est saucius! Nomen ei Pater Re'),(240,'Richardus','Lillis',1949,63,63,'Tarrytown, Novus Eboracis',51,19,41,'Universitas Chicagoensis','Multis libris usus sum.','pergratum mihi est ut aliquis id faciat.bonum erit'),(241,'Juan Carlos','Sesé',1969,161,161,'Caesar Augusta - Zaragoza',35,16,32,'Universitas Caesaris Augustae','Assimil','Volo litteras scribere latine de docentiae linguae'),(242,'Ruediger','Niehl',1973,158,158,'Manhemii',28,26,26,'Universitas studiorum Ratisbonensis, Universitas P','',''),(243,'Ernest','Sjogren',1949,63,63,'Dunelmo, in Carolina Septentrion',41,0,13,'','',''),(244,'raúl','carthaginiensis',1984,161,161,'portus victoria iuliobrigensis',18,0,0,'murcia universitas','',''),(245,'Ioannes','Overton',1982,63,63,'Sicagum',25,16,25,'Schola Secunda Frateri Oryzae in Sicago','',''),(246,'Gabrielle','Chiarello',1956,160,113,'Delhi',14,0,0,'Universität Basel, Helvetia','Latinum B, Grammatisches Beiheft','I was looking for spoken  Latin, and found Latinum'),(247,'Simon','Demo',1979,152,152,'Zagabria',18,15,18,'Universitas studiorum Zagabriensis, Facultas philo','',''),(248,'José Carlos','García de Paredes Olivas',1965,161,161,'Domini Benedicti (vulgo Don Beni',36,36,36,'Scola Secundaria \"Donoso Cortés\"','',''),(249,'A','Smith',1986,63,63,'Atlanta',15,0,0,'domi','latinum podcast',''),(250,'Stephanus / Esteban','Sanctius / Sánchez',1982,54,54,'Quitum',17,12,13,'Centro Culturale Italiano / Ex Libris','Grammatica Latina / Lingua Latina Per Se Illustrat',''),(251,'Donald','Cunningham',1930,150,61,'St.. Catharines',1,0,0,'domi','Julius',''),(252,'Andreas','Gotia',1974,181,147,'Trumaviae (vulgo Trumau)',21,14,14,'in lingua Latina discenda (auctores legendo, titul','Lingua latina sine difficultate (Le latin sans pei','In aeternum luceat Latinitatis fax!'),(253,'Joseph','Wood',1983,63,63,'Winona in Minnesota',24,12,12,'In Academia Sanctae Mariae, civitatis Sanctae Mari','Jenney, Scudder; Lingua Latina Domini Orberg',''),(254,'Vladimirus','Igneus sive Fire',1976,182,182,'Mosqua',27,0,23,'in schola','','gratias maximas ago vobis, collegae doctissimi '),(255,'Daniel','Kiss',1980,162,162,'Budapestini.',26,23,23,'Sint-Vituscollege, Bussum, Batauia.','iam oblitus sum (sed erat liber batauus).','maximo gaudiost mihi hic census Latine loquentium.'),(256,'MAGDALENA','ARIAS',1973,161,161,'LUCENTUM (Alicante)',29,17,29,'UNIVERSITAS SALMANTICENSIS (SALMANTICA)','',''),(257,'Henricus','Tumuli',1977,161,161,'Toletum',13,0,0,'','',''),(258,'Hugo','Kempeneers',1944,148,148,'Grimbergen',53,0,0,'Universitas Lovaniensis ','Caesar, Livius, Vergilius, Horatius, etc.…','Hic sensus mi videtur esse perutilis.'),(259,'PhilippePraenomen','DAVID',1957,157,157,'LUGDUNUM',16,0,16,'','','SPERO FORE UT IN FRANCOGALLIIS STUDIORUM UNIVERSIT'),(260,'Orlando','Santa Cruz',1967,161,63,'Miami',12,0,0,'Instituto Ramiro de Maeztu','Latinum Podcast',''),(261,'Juan Ignacio','Del Valle Gamboa',1979,78,78,'Liberia',4,0,4,'Universitas Ora Opulentis','',''),(262,'Reinhard','Krapp',1981,158,158,'Ratisbona',26,14,17,'In universitate studiorum Ratisbonensi','',''),(263,'Praenomen GEORGES','Nomen Gentilicium BERGERE',1924,157,157,'Parisiis',31,31,31,'','',''),(264,'Tom','Deneire',1981,148,148,'Lovaniui',27,12,27,'Universitas Catholica Lovaniensis','',''),(265,'N','R',1985,184,184,'Neoplanta',14,0,12,'Universitas Studiorum Neoplantensis','',''),(266,'Nicholas','Wibberley',1937,150,161,'El Contador, Almeria',6,0,6,'','Cambridge Latin Course, Kennedy, 501 Latin verbs','solus disco'),(267,'Gregorius','Leodiensis',1978,148,148,'Leodium',19,0,17,'Leodii universitate studiorum','',''),(268,'Praenomen : Giuseppina','Nomen Gentilicium: Grammatico',1930,165,62,'Sanctus Iacobus (Santiago de Chi',53,0,53,'In schola secundaria Drepani (in insula Sicilia)','oblita sum','Cupiam scire quibus novis libris magistri linguam '),(269,'Trudy','Stevenson',1955,176,63,'Los Altos',46,18,0,'schola secundaria Batava, in oppido nomine Goes','multis variisque libris usa sum',''),(270,'Thomas','Riordan',1994,150,161,'Cotos',1,1,1,'','',''),(271,'Thomas','Matus',1940,63,63,'Berkeleii urbe Civitatis Califor',51,51,51,'In Monasterio Novae Camalduli (California), deinde','New Latin Grammar a Charles E. Bennett scripta, ty','Deinde ab anno 1970, cessato usu latinae linguae a'),(272,'Sigrides Catharina','Albert',1952,158,158,'Saraviponti',53,36,36,'gymnasium et studiorum universitas','',''),(273,'Hudson','Smith',1988,63,63,'Greenville, South Carolina',12,0,12,'universitate--Erskine College','Collins Primer of Ecclesiastical Latin',''),(274,'Lourdes','Santiago',1961,76,76,'Vrbs Mexici (México, Distrito Fe',36,21,21,'Vniversitas Nationalis Autonoma Mexici','Lingua Latina',''),(275,'Frederico','Muñoz',1977,169,169,'Olisipo Felicitas Julia',14,2,12,'Schola Secundaria Miraflores','Initia Latina (Porto Editora)',''),(276,'Sasha','Zamler-Carhart',1975,157,176,'Haga Comitis',31,13,13,'','',''),(277,'Jennifer','Nelson',1968,63,63,'Berkeley,',30,26,0,'Apud','','Mihi non patet quomodo censu peracto ipsa scire po'),(278,'Hubert','Dorland',1959,157,157,'Lutetia',12,0,12,'','',''),(279,'Alexander','Hopkins',1988,63,63,'Atherton CA',17,11,11,'Domi','Adlers Latin Grammar et Vergili Opera',''),(280,'Iohannes','Cienfuegos',1955,161,161,'Xeres, Jerez de la Frontera',16,16,16,'Inst. Educ. Secund Padre Luis Coloma','Familia Romana','Optimum consilium habuistis, amici, quapropter vos'),(281,'Carmen','Belmonte',1954,161,161,'Xeri habito (vernaculo Jerez de ',16,16,16,'Inst. Educ. Secund J.M. Caballero Bonald','Familia Romana','Bonum consilium!'),(282,'Gratia','Molina Caba',1963,161,161,'Castulus',39,13,13,'Castulus','Lingua latina per se illustrata','Lingua latina est universalis'),(283,'Iesus','Galdon',1956,161,161,'Menlaria',50,50,50,'Schola','','salvete....'),(284,'Daniel','Cummings',1980,63,63,'Albany (Prima urbs Novae Eborica',17,3,6,'Achievement Academy media schola','Lingua Latina Per Se Illustrata',''),(285,'Mikhail (Manius)','Soloviev (Luscinius)',1990,182,148,'Gandia (Gent)',18,0,15,'Ludus Sancti Martini (SMI Aalst)','Phoenix','Valde miror cur longe plerique Latine agentes in i'),(286,'michael','tonettum',1992,165,165,'forum iulii',1,1,12,'liceus marinellianus','exspedite',''),(287,'Robertus','Maier',1964,158,158,'Frisingae',39,39,39,'','',''),(288,'Felix','Ray',1986,158,158,'Erlangae',22,15,14,'Universitas Erlangensis','',''),(289,'Robert','Igel',1982,158,158,'Friburgum',23,16,16,'Albert-Ludwig-Universität Freiburg','',''),(290,'Jose','Balado',1972,161,161,'Sanctiacobi',3,3,3,'','\"Practical grammar of the Latin Language\" Adler',''),(291,'Rochus','Habitzky',1927,158,158,'Kerpen',53,46,51,'in','Ludus',''),(292,'Claudia','Sperlich',1962,158,158,'Berolinum',26,13,14,'Collegium Berolinense','',''),(293,'Iosephus','Marcellinus',1985,165,165,'Catinae',19,19,19,'Università di Catania','Oerberg',''),(294,'Samuel','Prieto',1960,161,161,'Vila longa (Pontevedra)',53,0,0,'','',''),(295,'Rochus Rosarius','Marseglia',1981,165,157,'Lutetiae Parisiorum',26,21,23,'','',''),(296,'Stephanus','Berard',1948,63,63,'Aquis Albis / Wenatchee, WA',53,22,22,'Vniv. Calif.  Angelopolitana / UCLA','Multis','Vtile sit quibus libris institoriis magistri nunc '),(297,'Edvardvs','Saur',1950,63,63,'Flemington, NJ',31,14,6,'Universitas Santi Johannes, Novum Eboracum','Nunc, utor Familia Romana cum liber exercitia','Nuper, legebam Laus Stultitia cum amico Gregorio\r\n'),(298,'Mar','Riley',1942,63,63,'Sacramentum in civitate Californ',53,26,26,'Collegium Dartmuthense','Multis usus sum, in quibus sunt Latin for American',''),(299,'Scott','Horne',1970,61,61,'Marianopoli (vulgo Montréal)',35,19,21,'Ipse sermonem nostrum didici.','« Latin » Frederici illius Wheelock',''),(300,'Jason','Slanga',1981,63,63,'Baltimora',20,16,14,'','Ecce Romani',''),(301,'Iacobus','Hicks',1977,63,63,'Lexintoniae',16,15,15,'in Universitatis Kentukiensis programmatibus bacca','Permultis - Smythi Grammatica Latina, Traupviri op','Gaudeo quod tale instrumentum recordandi insitutum'),(302,'Elias','Ramo',1950,63,63,'Montclairo urbe habito',23,15,15,'Universitati Montclairo intersum','Universitas libro Ecce Romani nomine utitur','Ductu adiuvantis magistrae auspiciisque, docebo du'),(303,'Lisa','Masoni',1971,63,63,'Morgan Hill CA',33,18,0,'Harker Middle School','Cambridge',''),(304,'Brent','Harper',1972,63,63,'seattlum',23,15,15,'','',''),(305,'Niallus','Coffee',1970,63,63,'Buffali',26,22,14,'uniuersitate Buffaloensi','',''),(306,'Robert','Patrick',1959,63,63,'Atlanta',46,21,46,'schola secundaria, universitate (Alabama, Georgia,','multis libris ?!',''),(307,'Jeanne','Neumann',1954,63,63,'Carolinopoli ',41,22,31,'Union College','Wheelock',''),(308,'John','Hershey',1942,63,63,'East Lansing MI',36,13,19,'MIchigan State University','Latin for Americans','ave atque vale!'),(309,'Nancy','Czupik',1948,63,63,'Bay',17,17,17,'Olmsted','Cambridge',''),(310,'Gina (Aloisia)','Soter',1958,63,63,'Ann Arbor, MI',38,18,23,'Univeristas Michiganiensis','Lingua Latina per se illustrata (Oeberg)',''),(311,'Diana Warne ','Anderson',1956,63,63,'Minneapolis (oppidum suburbanum:',51,15,15,'Conventiculum Vasintoniense','Vita Nostra (t.  I & II) a Stephano Berard','Gratias multas vobis ago! \r\nAddere potestis locum '),(312,'Shelby','Brown',1952,63,63,'Los Angeles',31,12,0,'','Wheelock, Ecce Romani',''),(313,'Henricus \"Atticus\"','de Marcellus',1964,63,63,'Rafaelopolis, id est \"Sanctus Ra',30,17,15,'','Lingua Latina per Se Illustrata',''),(314,'Rebekka','Wörner',1993,158,158,'Traubidinga (Obertraubling)',16,16,16,'Albertus-Magnus-Gymnasium ','',''),(315,'Trevor','Lontine',1990,63,63,'Denton',14,10,14,'Seminarium Dominae Nostrae Guadalupensis','',''),(316,'Trevor','Lontine',1990,63,63,'Denton',14,10,14,'Seminarium Dominae Nostrae Guadalupensis','',''),(317,'female','NomenÂ Gentilicium',1984,158,158,'Kiel',25,15,16,'in universitate studiorum','',''),(318,'Maarten','Dupont',1977,148,63,'Lincoln',13,0,0,'Catholic Seminary','',''),(319,'Gregorius','Bartholomaeus',1981,63,63,'Lincolnensis',18,0,0,'Seminaria Dominae Nostrae Guadalupensis','',''),(320,'Praenomen','Nomen Gentilicium',1990,63,63,'Seattle',16,14,0,'Garfield High School, Harvard University','',''),(321,'Zachary','Akers',1983,63,63,'Denton',21,0,0,'Seminarius Nostra Domina de Guadalupensis','',''),(322,'Joshua','Curtis',1981,63,63,'Denton, NE',12,0,0,'Seminarium Dominae Nostrae Guadalupensis','Lingua Latina, et liber qui ab Jenning et Baude (s','Ab Jonathan Arrington epistula hoc de censu ad me '),(323,'David','Maust',1976,63,63,'Whittiera, California',20,13,13,'Disco in Cal State Long Beach; doceo in California','Cambridge Latin Course ',''),(324,'Nicole','Bali',1946,157,63,'Angelopoli',53,21,53,'Universitas Lutetiae Parisiorum (Sorbonne)','Multi veteres libri...','Multo melius lego quam scribo; multo melius scribo'),(325,'Anthony','Uy',1983,61,61,'Vancouver',15,13,12,'University','Wheelocks Latin',''),(326,'Daniel','Saudek',1982,147,147,'Iuvavum / Salzburg',26,0,12,'','','De novis ad linguam latinam viventem pertinentibus'),(327,'Natalia','Santiago',1967,161,161,'Alicante',33,0,21,'Universidad Alicante','',''),(328,'Garrick','Huang',1978,61,61,'Vancouver',16,14,16,'Seminarium Nostrae Mulieris Guadalupensis','Latin-Jenney, Scudder, Bahd','Bene factum, omnes!  '),(329,'Anna','Zhurbina',1983,182,182,'Moscovia',22,0,22,'in schola universitaria universitateque','Miroshenkova-Fyodorov (edidit A.E.Kuznetsov) Lingu','Linguam latinam studentes culturologiae iurisque d'),(330,'Bernardus','Teuber',1954,158,158,'Monachii Bavarorum (Muenchen)',51,51,51,'in gymnasio inde ab XI aetatis anno','\"Lateinisches Unterrichtswerk\", voll. I-V','Mihi interest comperire quot homines semone utantu'),(331,'Petrus','Gulewich',1952,63,63,'Allen Park',53,24,41,'Universitas Michiganensis','',''),(332,'Josep','Briculle',1963,161,161,'Vilafranca del Penedes',41,13,25,'Universitat de Barcelona','Lingua Latina per se Illustrata',''),(333,'Damo','Sypher',1979,192,63,'Denton',17,17,17,'Seminarium Dominae Nostrae Guadalupae','Jenny, First Year Latin','Seminarista sum in Fraternitate Sacerdotali Sancti'),(334,'Adam C','Moore',1967,63,63,'Waco, ut aio \"Wacopolis\" Texia',37,14,14,'Duncanville High School, Duncanville, Texia, C.F.A','Our Latin Heritage','autodidacticus sum et usus plerumque librum studen'),(335,'Adam C','Moore',1967,63,63,'Waco, ut aio \"Wacopolis\" Texia',37,14,14,'Duncanville High School, Duncanville, Texia, C.F.A','Our Latin Heritage','autodidacticus plerumque sum. multis libris usus s'),(336,'Emanuele','Coccia',1976,165,158,'Friburgum',29,12,21,'','',''),(337,'Gianfranco','Cesareo',1957,165,165,'Roma',13,0,0,'chola secundaria Mameli','Familia Romana',''),(338,'Amparo','Agüero Solis',1991,56,56,'Cordoba',20,4,19,'Universidad Nacional de Córdoba - Instituto León X','',''),(339,'Praenomen  Iohannes','Nomen Gentilicium   velptonius',1950,150,131,'Hongcongum',53,3,14,'-','Conversational latin for Oral Proficiency (liber a','Inceptum vestrum laudo sed difficile est bene inte'),(340,'Veronica','Brandt',1979,192,192,'Sydney-um',19,0,0,'Holy Family religion school and following Mass','Simplicissimus from the UK Latin Mass society','Having trouble reading the question.  Is it why th'),(341,'Dominicus','Popplewell',1973,192,192,'Camberra (seu Canberra)',30,3,28,'Collegium Sancti Edmundi','nullo libro usus sum',''),(342,'Philippus','Moerus',1980,148,148,'Lovanium',28,22,11,'','Familia Romana (Oerberg)',''),(343,'Clemens','Darmet',1984,157,158,'Wigratzbadi',15,0,12,'in seminario tantum','familia romana',''),(344,'Xavier','PROUST',1976,157,158,'Wigratzbad',12,0,12,'','',''),(345,'Christian','Mastriani',1993,63,63,'Schnecksville',3,0,3,'','Wheelocks Latin et Collins Latin concise dictionar',''),(346,'Paulus','Pezzuolo',1993,165,165,'Valdagnum',13,2,12,'in Lyceo versor','',''),(347,'Hannah','Hahn',1990,63,63,'Bellinghamia',12,12,12,'VASINGTONIAE OCCIDENTALIS STVDIORVM VNIVERSITAS','',''),(348,'Mary','Prior',1986,63,63,'Bellinghamia',12,12,12,'Western Washington University','',''),(349,'Clara','Heyser',1988,63,63,'Bellinghamiae',1,1,1,'Western Washington University','Librum non uso. ',''),(350,'Magdalena','Banashak',1990,63,63,'Bellinghamiae',12,12,12,'Magealena','non',''),(351,'Megan','Hyde',1988,63,63,'Bellinghamia',3,3,3,'universitate studiorum: Western Washington Univers','non',''),(352,'Jesse','Eldred',1988,63,63,'Bellinghamia',12,12,12,'Western Washington University ','',''),(353,'Andreas','Hyde',1989,63,63,'Bellinghamia',12,12,12,'Western Washington University','',''),(354,'Miran','S.',1963,186,186,'Aemona vel Labacum (vulgo Ljublj',40,36,36,'Gimnazija Ivan Cankar Ljubljana','',''),(355,'Barbara','Zlobec',1971,165,165,'Tergeste',35,33,32,'Universitas Tergestina, Universitas Labacensis','',''),(356,'Janja','Zmavc',1974,186,186,'Emona',29,29,29,'Gymnasium Poetovionense','Fundamenta Latina ',''),(357,'Quintus','Wilson',1989,63,63,'Bellinghamia',12,12,12,'Vashintoniae Occidentalis Studiorum Vniversitas','',''),(358,'Daniela','Tinoco',1989,60,63,'Bellingham',12,12,12,'Western Washington University','',''),(359,'Bridgeta','Fossedal',1988,63,63,'Bellinghamia',12,12,12,'Vashingtoniae Occidentalis Stvdiorvm Vniversitas','','Amo Linguam Latinam!'),(360,'Valeurius','Park',1988,104,104,'Bellinghamiae',12,6,12,'Western','',''),(361,'mikaela','ericksen',1989,63,63,'bellinghamia',2,2,2,'western washington university','lingua',''),(362,'Mikaela','Ericksen',1988,63,63,'Bellinghamia',8,2,8,'Western Washington University','lingua latina',''),(363,'Dylan','Bjorkman',1988,63,63,'Habito in Bellinghamiae',12,12,12,'Western Washington University','',''),(364,'Ioshua','Robertus',1984,63,63,'Bellinghamiae',12,12,12,'','',''),(365,'Praenomen Tone (Antonius Martinus)','Nomen Gentilicium Wraber',1938,186,186,'Polhov Gradec prope Ljubljana ',53,0,0,'Gymnasium classicum Labacense (1948-56,','',''),(366,'Praenomen: Nata¹a','Nomen Gentilicium: Homar',1966,186,186,'Emonae',35,0,0,'Gimnazija Poljane','Usus et Veni, vidi, didici',''),(367,'Reinhold','Hetzner',1937,158,158,'Furtum (Fürth/Bay.)',53,46,46,'Gymnasium Carolinum Illustre Onoldinum','Lateinisches Elementarbuch für die erste Klasse de',''),(368,'gulielmus','Snyder',1949,63,63,'Bedford (in civitate Pensilvania',21,0,0,'in schola secundaria Bedford High School','Lingua Latina Per Se Illustrata','volo nihil dicere.'),(369,'Blaz','Jemc',1985,186,186,'Emona',20,0,20,'Universitas Labacensis, Facultas Artium','Silvester Kopriva: Latinska slovnica',''),(370,'Caroline','Thuysbaert',1974,148,148,'Ayencurti (Incourt)',34,26,33,'Schola Nova Belgica','Assimil Latinum','Nonnullas provincias Latine doceo in Schola Nova c'),(371,'Stephanus','Feye',1949,148,148,'Ayentcurti (Incourt)',51,27,51,'Schola','Assimil',''),(372,'Maria-Joella','de Villenfagne',1984,148,148,'Bruxelles',18,18,18,'Sancti-Petrus-et-Paulus','',''),(373,'Iohannes','van der Stegen',1980,148,148,'Bruxellensis',28,12,0,'in aliqua schola bruxellensis quae iam non extat','Non recordor',''),(374,'Iohannes','van Kasteel',1960,176,148,'Gochenée (non longe a Dinant)',24,24,24,'Domus Latina','/','Fama antiqua fert inopportunum esse censum nimis e'),(375,'sophie','vdstegen',1982,148,148,'Bruccellae',1,0,0,'Sancti Paulus et Paulus schola','',''),(376,'Benoît','Albinovanus',1962,148,148,'Brussellas',41,13,0,'Institut Sainte-Begge','',''),(377,'Alan','Cotton',1994,148,148,'Binche',18,18,18,'Schola Nova','',''),(378,'Petrus','Sanchez',1946,161,161,'Barcino',14,12,0,'Melisa et alli','Lingua Latina, Hans H. Orberg, Domus Latina','optimus.'),(379,'Christophorus','Buffin de Chosal',1963,148,148,'Dongelberg',36,36,36,'Cum Patre Eichenseer','Orberg','Optime ! Pergas !'),(380,'Raphael','Feye',1983,148,148,'Bruxellis',24,23,16,'Schola Nova','Assimil(dessessard).Orberg',''),(381,'Lambert','Isebaert',1955,148,148,'Prope urbem Geldoniam',48,38,38,'','',''),(382,'Patricius','Oenus (Owens)',1983,63,165,'Roma',21,16,16,'Universitas Kentuckiana','Lingua Latina per se illustata',''),(383,'Theodericus','Sacré',1957,148,148,'Lovanii',49,40,44,'Jan-van-Ruusbroeckollege','Ars legendi',''),(384,'Anastasia','Auriauris',1987,182,182,'in Moscovia',21,15,16,'Gymnasium Graeco-Latinum Moscoviae, Academia Mosco','multis libris usa sum, enumerare vix possum!','Censum hunc laudo ac spero omnes latinos locutores'),(385,'Zeljka','Landek',1954,152,152,'Zagabria (Zagreb)',36,14,0,'Universitas studiorum Zagabriensis','Lingua Latina svie Elementa Latina',''),(386,'Borivoj','Marek',1982,189,189,'Iglavia',19,15,15,'Universitas Carolina Pragensis; Academia Vivarium ','',''),(387,'Alexius','Albinus',1986,182,182,'Moscovia',20,14,14,'Academia Vivarium Novum','',''),(388,'Laurent','Grailet',1974,148,148,'Leodium',34,13,13,'Universitas studiorum Leodiensis','',''),(389,'Ladislaus','Dolidon',1975,157,157,'in parvo oppido c.n. vulgo Lorme',23,16,14,'apud Universitatem studiorum Sorbonensem, Lutetiae','Assimil latin (editione Clementis Dessessard)',''),(390,'Arrigo','Biacchessi',1973,165,157,'Lutetia Parisiorum',36,36,36,'Universitas studiorum mediolanensis','Tantucci, Manna, Traina, Horberg, Assimil.......',''),(391,'Praenomen Helena','Nomen Gentilicium FEYE',1974,148,148,'Walhain',13,6,0,'SCHOLA NOVA','Lingua Latina',''),(392,'Sara','Cibanal Arce',1993,161,161,'Alicante (LVCENTVM)',12,0,12,'IES Haygon','Latin 4º ESO Santillana','Carpe diem!'),(393,'Dominicus','Demandt',1992,148,148,'Kortenberg',16,16,16,'Schola Nova','Assimil, Orberg lingua latina',''),(394,'Guido','Bertolino',1952,165,165,'Augusta Taurinorum (Turin)',51,21,21,'Liceo classico \"G. B. Beccaria\" ','','Ego vero iam ab adulescentia in gymnasio primum, i'),(395,'Thomas','Sulmon',1992,148,148,'Braine-le-Comte',17,17,14,'Schola nova','assimil, Ørberg.',''),(396,'Marcus','DECRETON',1946,148,148,'Brussels',53,0,26,'collège saint michel bruxelles','',''),(397,'Ioachimus','Pascual Barea',1963,161,161,'Gadibus',41,19,20,'','Lingua Latina sine molestia',''),(398,'Pierre','Dapsens',1996,148,148,'Huy',14,14,0,'Scola Nova','',''),(399,'Julien','Delhez',1991,148,148,'Malmedy',16,16,0,'Schola Nova','','Optime !\r\nVobis hoc sincere opto, ut ingens numeru'),(400,'Praenomen Paul','Nomen Gentilicium Tombeur',1936,148,148,'Jodoigne (Lathuy)',53,31,31,'Universitas Catholica Lovaniensis','',''),(401,'Mariola','Dapsens',1992,148,148,'Huy',16,14,0,'Schola Nova','Assimil, lingua latina per se illustrata',''),(402,'odila','dapsens',1994,148,148,'huy',13,13,12,'schola nova','orberg, assimil',''),(403,'Sébastien','Moureau',1983,148,148,'Neolovanium',24,21,21,'Schola Nova','Assimil',''),(404,'Ziva','Borak',1982,186,186,'Emona',27,0,0,'Osnovna sola Prezihov Voranc, Gimnazija Jozeta Ple','',''),(405,'Marko','Kastelic',1982,186,186,'Emona (Ljubljana)',17,0,17,'','',''),(406,'Angela','Lanzafame',1973,192,192,'Brisbane',9,0,9,'','','I have started learning classical latin with my da'),(407,'Gabriella','Lanzafame',1997,192,192,'Brisbane',9,0,9,'','',''),(408,'Bianca','Lanzafame',1999,192,192,'Brisbane',9,0,9,'','',''),(409,'Roger','Grantham',1973,63,63,'Minneapolis',13,0,0,'Universitatis Minnesota','Wheelock, Lingua Latina per se illustrata: Familia',''),(410,'Bernardus','Rulleau',1952,160,157,'Virlet',41,17,31,'schola secundaria','Orberg',''),(411,'Praenomen - Snezhana','Nomen Gentilicium - Spassova',1975,151,151,'Serdica (Bulgarice - Sofia)',31,18,33,'Lyceum Artis in Sofia','multis libris utor - ego doceo linguam Latinam pue','Laudandum est quod operam datis ad linguam Latinam'),(412,'Brian','Smith',1972,158,131,'Hongcongum',21,14,0,'','Latine sine molestia','optimum est'),(413,'Giovanni','Granata',1939,165,187,'Järna',53,0,31,'Collegio Pennisi Aciregalensis','',''),(414,'Albert (Albertus)','Castro',1944,63,63,'New Wilmington (Nova Vilmintonia',53,23,41,'Westminster College (Collegium Vestmonasteriense)','','Mea sententia potestas sermonis Latini et loquendi'),(415,'Hajnalka','Kristóffy',1979,162,162,'Budapestini',26,0,20,'schola secundaria: Lovassy László Gimnázium','\"Latin a középiskolák számára\" (curriculum 4 ann','Abest: \"Sermonem Latinam intellego.\"  - si vel n'),(416,'Praenomen   mimi','Nomen Gentilicium  bobeica',1954,181,181,'alexandria',12,0,16,'in schola lyceum','libres simples',''),(417,'Fernando','BLAS DE LOS RÍOS ',1942,161,161,'Matritum. ',26,0,24,'Instituto de San Isidro -schola secundaria-.','Oblitum sum.','Non institutione aliqua sermonem latinum didici, s'),(418,'Alanus','Van',1948,148,148,'Bruxella',1,1,1,'','',''),(419,'Johannes','De Grath',1985,63,63,'Gettysburg',14,13,13,'Lycoming College','Lingua Latina',''),(420,'Michael','Facchini',1946,165,158,'Falkensee',53,0,0,'Gymnasium','',''),(421,'Alexander','Feye',1985,148,148,'Geldoniae',21,18,18,'Schola Nova','Methodo Assimil, methodo Orbergiana et',''),(422,'Alexander','Feye',1985,148,148,'Geldoniae',21,18,18,'Schola Nova','Assimil et Orbergiana methodis',''),(423,'Frederico','Lopes',1973,60,60,'Cuiaba',20,0,0,'','',''),(424,'Robert(us)','Deprez',1959,148,148,'Latine: Geldonia, Francogallice:',44,44,44,'Athénée royal de Jodoigne (schola secundaria)','in schola: non recordor; post scholam: Assimil','Vobis gratulor de incepto vestro.'),(425,'Ingo','B.',1938,158,158,'Berolini',53,0,32,'Helibrunnae','Ludus Latinus',''),(426,'Riccardo','Granata',1953,165,165,'Sapri (Salerno)',53,0,0,'schola secundaria','','Riccardo Granata\r\nVia Cavour, 108\r\n84073 Sapri (SA'),(427,'Wolfgang','JENNIGES',1964,148,148,'Bruxellis',44,29,40,'Universitas Catholica Lovaniensis','',''),(428,'Alexander','Geraschenko',1983,132,132,'Biscum, vulgo Bijsk',20,0,20,'','',''),(429,'Klaus','Goebel',1942,158,158,'Riegelsberg',53,45,51,'Schola','Linnenkugel,',''),(430,'Patrick','Grosslicht',1994,147,147,'Hoetzelsdorf',14,0,0,'Gymnasium Horn','Felix, Medias in Res, Latinum podcast',''),(431,'Tatjana','Nomen Gentilicium',1980,190,190,'Charkov',21,0,21,'','',''),(432,'Miran','Sajovic',1970,186,165,'Romae',26,12,12,'Gymnasium Zelimlja, Facultas Philosophica Labaci, ','Variis libris usus sum...','Lingua Latina non tantum legendo sed etiam scriben'),(433,'Michael','McCaffrey',1964,192,192,'Adelaidensis',41,45,46,'Universitas Adelaidensis','',''),(434,'Roland','Reis',1956,63,63,'Tampa',17,13,13,'Cornell','Wheelock',''),(435,'Adrian','Gärtner',1993,158,158,'Bad Driburg',17,0,0,'Städtisches Gymnasium Bad Driburg','Felix','-'),(436,'Praenomen','Nomen Gentilicium',1988,150,150,'Brighton',22,0,0,'','',''),(437,'Raphael','Martinez',1943,161,161,'Vicus',53,0,0,'Herbon','',''),(438,'Antonina','Kalinina',1978,132,150,'Oxonia',26,23,23,'Universitas Mosquensis','',''),(439,'Praenomen Helena','NomenÂ Gentilicium Beliaeva',1969,190,190,'Poltava',28,0,0,'Libri de functione linguae Latinae in medicina','','lingua francisca'),(440,'Richard','Tait',1967,150,150,'Cardiff',2,0,0,'Open University - domi','multi',''),(441,'Eddie','Badilla Vindas',1983,78,78,'Sanctus Ioseph',6,0,0,'Universitatis Orae Opulentae','Lingua Latina Per Se Illustrata atque Orbis Sensua',''),(442,'Frederico','Lopes',1973,60,60,'Cuiaba',20,0,0,'','Gramatica Latina',''),(443,'Praenomen Carmina','Nomen Gentilicium Vila',1945,161,161,'Santo Hilarius Sacalm',53,0,0,'Scola secundaria/Universitas Barcino','Lingua Latina, Hans H. Orberg/ Nuevo método para a',''),(444,'Peter','Sipes',1974,63,63,'prope Sicagum',32,15,16,'Schola Superior Bataviae (in Illinoesia)','Jenney (cuius tegumen scaenis e \"Ben Hur\" cinema',''),(445,'Margarita','Stitz',1939,158,158,'Sankt Wendel',53,41,51,'Societas Latina Saravipontana','',''),(446,'Margarita','Stitz',1939,158,158,'Sankt Wendel',53,41,51,'Societas Latina Saravipontana','',''),(447,'Emanuele','Atzori',1981,165,165,'Romae',26,0,14,'Liceo Scientifico Statale \"Ettore Majorana\" di R','Flocchini - Comprendere e tradurre',''),(448,'Thadius','Main',1993,63,63,'Orion Lacus',3,3,3,'Falmouth Schola Secundaria, Michael Casey','',''),(449,'HÃºdson','Canutus',1976,60,60,'Maceyo',23,17,21,'Universitas Foederationis Alacunensis et Domus Cul','Lingua Latina per se illustrata: Familia Romana a ','Opus est nobis scire quot sumus appartenentes ad m'),(450,'Gabriel','Rodríguez Jiménez',1977,161,161,'Malaca',24,0,12,'','',''),(451,'Julian','Jones',1930,63,63,'Wilelmoburgo',53,21,53,'Universitate Kentukiae','',''),(452,'Elizabeth','Jones',1934,63,63,'Wilelmoburgo',53,21,53,'Universitate Kentukiae','','');
/*!40000 ALTER TABLE `Usersbkup` ENABLE KEYS */;
UNLOCK TABLES;

--
-- Table structure for table `cities`
--

DROP TABLE IF EXISTS `cities`;
/*!40101 SET @saved_cs_client     = @@character_set_client */;
/*!40101 SET character_set_client = utf8 */;
CREATE TABLE `cities` (
  `id` int(11) NOT NULL AUTO_INCREMENT,
  `name` varchar(128) NOT NULL,
  `country_id` int(11) DEFAULT NULL,
  PRIMARY KEY (`id`),
  KEY `fk_countries` (`country_id`),
  CONSTRAINT `cities_ibfk_1` FOREIGN KEY (`country_id`) REFERENCES `countries` (`id`) ON DELETE NO ACTION ON UPDATE CASCADE
) ENGINE=InnoDB AUTO_INCREMENT=36948 DEFAULT CHARSET=latin1;
/*!40101 SET character_set_client = @saved_cs_client */;

--
-- Dumping data for table `cities`
--

LOCK TABLES `cities` WRITE;
/*!40000 ALTER TABLE `cities` DISABLE KEYS */;
INSERT INTO `cities` VALUES (35704,'Pontipoli',4809),(35705,'Belizopoli',4816),(35706,'Belmopani sive Belmopanae',4816),(35707,'Bonifatiopoli',4810),(35708,'Burlintoniae',4810),(35709,'Calgariae',4810),(35710,'Camlupsae',4810),(35711,'Carolinopoli',4810),(35712,'Edmundopoli',4810),(35713,'Gravelburgi',4810),(35714,'Iarmuthi Canadae',4810),(35715,'Hamiltoniae',4810),(35716,'Marianopoli vel Monte Regali',4810),(35717,'Maclennani',4810),(35718,'Nelsoniae',4810),(35719,'Ottavae',4810),(35720,'Paulopoli Canadae',4810),(35721,'Petroburgi Canadae',4810),(35722,'Quebeci',4810),(35723,'Reginae',4810),(35724,'Regioduni vel Regiopoli',4810),(35725,'Sarniae',4810),(35726,'Sascatunae',4810),(35727,'Saviniganiae',4810),(35728,'Serbruki',4810),(35729,'Toronti',4810),(35730,'Vancuverii',4810),(35731,'Venustopoli',4810),(35732,'Victoriae',4810),(35733,'Vinnipegae',4810),(35734,'Albani Novi Eboraci',4814),(35735,'Alboquercus Novi Mexici',4814),(35736,'Alamogordi Novi Mexici',4814),(35737,'Alti Pali Californiae',4814),(35738,'Ancorariae Alascae',4814),(35739,'Angelopoli Californiae',4814),(35740,'Antoniopoli Texiae',4814),(35741,'Aquis Albis Vasintoniae',4814),(35742,'Arcifoliis Californiae',4814),(35743,'Arlintoniae Massachusetae',4814),(35744,'Arlintoniae Texiae',4814),(35745,'Arlintoniae Vasintoniae',4814),(35746,'Arlintoniae Virginiae',4814),(35747,'Athenis Georgiae',4814),(35748,'Atlantae Georgiae',4814),(35749,'Aurorae Colorati',4814),(35750,'Aurorae Illinoesiae',4814),(35751,'Austinopoli Texiae',4814),(35752,'Baltimorae vel Baltimori Terrae Mariae',4814),(35753,'Barbaropoli Californiae',4814),(35754,'Bellinghamiae Vasintoniae',4814),(35755,'Berkeleiae Californiae',4814),(35756,'Bernardinopoli Californiae',4814),(35757,'Bostoniae Massachusetae',4814),(35758,'Brunsvigae Ohii',4814),(35759,'Buffali Novi Eboraci',4814),(35760,'Calamazi Michiganiae',4814),(35761,'Campi Amoeni Californiae',4814),(35762,'Campifonte Illinoesiae',4814),(35763,'Campifonte Massachusetae',4814),(35764,'Campifonte Missuriae',4814),(35765,'Cansiopoli Missuriae',4814),(35766,'Carolopoli Carolinae Meridianae',4814),(35767,'Carolopoli Virginiae Occidentalis',4814),(35768,'Carsoniae Nivatae',4814),(35769,'Casperii Vyominae',4814),(35770,'Cincinnatae Ohii',4814),(35771,'Clevelandiae Ohii',4814),(35772,'Columbiae Carolinae Meridianae',4814),(35773,'Columbopoli Georgiae',4814),(35774,'Columbopoli Ohii',4814),(35775,'Dallasii Texiae',4814),(35776,'Denverii Colorati',4814),(35777,'Detroiti Michiganiae',4814),(35778,'Didacopoli Californiae',4814),(35779,'Dubris Delavariae',4814),(35780,'Dunelmi Carolinae Septentrionalis',4814),(35781,'Evanstoniae Illinoesiae',4814),(35782,'Faerbancsii Alascae',4814),(35783,'Fidepoli Novi Mexici',4814),(35784,'Franciscopoli Californiae',4814),(35785,'Francofurti Kentukiae',4814),(35786,'Grinsburgi Pensilvaniae',4814),(35787,'Hardifordiae Connecticutae',4814),(35788,'Hardifordiae Indianae',4814),(35789,'Harlingae Texiae',4814),(35790,'Henricopoli Pensilvaniae',4814),(35791,'Honoluli Insularum Havaianarum',4814),(35792,'Hustoniae Texiae',4814),(35793,'Iacsoniae Missisippiae',4814),(35794,'Ianctoniae Dacotae Meridianae',4814),(35795,'Ieffersoniae Missuriae',4814),(35796,'Indianopoli Indianae',4814),(35797,'Iosephopoli Californiae',4814),(35798,'Iunelli Alascae',4814),(35799,'Kirklandiae Vasintoniae',4814),(35800,'Lacus Salsi Utae',4814),(35801,'Lafaietti Californiae',4814),(35802,'Lafaietti Colorati',4814),(35803,'Lafaietti Georgiae',4814),(35804,'Lafaietti Indianae',4814),(35805,'Lafaietti Ludovicianae',4814),(35806,'Lafaietti Oregoniae',4814),(35807,'Lexintoniae Carolinae Meridianae',4814),(35808,'Lexintoniae Carolinae Septentrionalis',4814),(35809,'Lexintoniae Kentukiae',4814),(35810,'Lexintoniae Massachusetae',4814),(35811,'Lexintoniae Virginiae',4814),(35812,'Lincolniae Oregoniae',4814),(35813,'Ludovicopoli Kentukiae',4814),(35814,'Ludovicopoli Missuriae',4814),(35815,'Madisoniae Visconsiniae',4814),(35816,'Mancunii vel Mancestriae Novae Hantoniae',4814),(35817,'Memphide Tennesiae',4814),(35818,'Miamiae Floridae',4814),(35819,'Milvaukiae Oregoniae',4814),(35820,'Milvaukiae Visconsiniae',4814),(35821,'Minneapoli Minnesotae',4814),(35822,'Monachopoli Iovae',4814),(35823,'Monicopoli Californiae',4814),(35824,'Monte Gunderici Alabamae',4814),(35825,'Nasburgi Tennesiae',4814),(35826,'Neoportu vel Novo Portu Connecticutae',4814),(35827,'Novae Aureliae Ludovicianae',4814),(35828,'Novarci Novae Caesareae',4814),(35829,'Novi Eboraci',4814),(35830,'Oclahomopoli Oclahomae',4814),(35831,'Olympiae Vasintoniae',4814),(35832,'Omahae Nebrascae',4814),(35833,'Orae Longae Californiae',4814),(35834,'Orae Palmariae Floridae',4814),(35835,'Paulopoli Minnesotae',4814),(35836,'Philadelphiae Pensilvaniae',4814),(35837,'Phoenice Arizonae',4814),(35838,'Portlandiae Cenomannicae',4814),(35839,'Portlandiae Oregoniae',4814),(35840,'Principitoniae Novae Caesareae',4814),(35841,'Providentiae Rhodensis Insulae',4814),(35842,'Quercupoli Californiae',4814),(35843,'Ricmondiae Californiae',4814),(35844,'Ricmondiae Illinoesiae',4814),(35845,'Ricmondiae Indianae',4814),(35846,'Ricmondiae Michiganiae',4814),(35847,'Ricmondiae Missuriae',4814),(35848,'Ricmondiae Kentukiae',4814),(35849,'Ricmondiae Texiae',4814),(35850,'Ricmondiae Virginiae',4814),(35851,'Reni Nivatae',4814),(35852,'Rosenbergae Texiae',4814),(35853,'Rubrobasti Ludovicianae',4814),(35854,'Sacramenti Californiae',4814),(35855,'Salinis Californiae',4814),(35856,'Saratogae Californiae',4814),(35857,'Seattli Vasintoniae',4814),(35858,'Sicagi Illinoesiae',4814),(35859,'Sini Viridis Visconsiniae',4814),(35860,'Spocani Vasintoniae',4814),(35861,'Syracusis Novoeboracensis',4814),(35862,'Tallahassiae Floridae',4814),(35863,'Tampae Floridae',4814),(35864,'Toleti Ohii',4814),(35865,'Tucsoniae Arizonae',4814),(35866,'Tulsae Oclahomae',4814),(35867,'Vasintoniae Columbiae',4814),(35868,'Vegis vel Campis Nivatae',4814),(35869,'Vigorniae Massachusetae',4814),(35870,'Vilingae Virginiae Occidentalis',4814),(35871,'Vinonae Minnesotae',4814),(35872,'Vitzitae Cansiae',4814),(35873,'Vortintoniae Ohii',4814),(35874,'Xylopoli Idahi',4814),(35875,'Iosephopoli vel Sancti Iosephi',4812),(35876,'Habanae',4820),(35877,'Matanzis',4820),(35878,'Guatimalopoli',4822),(35879,'Marcopoli Guatimalae',4822),(35880,'Zacapae',4822),(35881,'Comaiaguae',4817),(35882,'Petropoli Sulensi',4817),(35883,'Tegucigalpae',4817),(35884,'Regiopoli',4821),(35885,'Acapulci',4811),(35886,'Angelopoli',4811),(35887,'Anticariae Mexici',4811),(35888,'Aquis Calidis Mexici',4811),(35889,'Celaiae',4811),(35890,'Colimae',4811),(35891,'Guadalaxarae',4811),(35892,'Guanajuati',4811),(35893,'Legione',4811),(35894,'Ludovicopoli Potosiensi',4811),(35895,'Mexicaliae',4811),(35896,'Mexicopoli vel in urbe Mexici',4811),(35897,'Oceli Mexici',4811),(35898,'Queretari',4811),(35899,'Regimontii vel Monte Regali',4811),(35900,'Tampici',4811),(35901,'Tecamaci',4811),(35902,'Tehuacaniae',4811),(35903,'Tehuantepeci',4811),(35904,'Tolucae',4811),(35905,'Tulae',4811),(35906,'Tulancingi',4811),(35907,'Esteliae',4813),(35908,'Managuae',4813),(35909,'Panamae sive in urbe Panamense',4819),(35910,'Guayamae',4815),(35911,'Ioannipoli Portus Divitis',4815),(35912,'Salinis Portus Divitis',4815),(35913,'Acaiutlae',4818),(35914,'Anopoli',4818),(35915,'Michaelopoli',4818),(35916,'Soteropoli',4818),(35917,'Pristinae',4851),(35918,'Dyrrachii vel Dyrrhachii vel Epidamni',4847),(35919,'Elbasan',4847),(35920,'Scodrae',4847),(35921,'Tiranae',4847),(35922,'Aeniponte vel Oeniponte',4842),(35923,'Bludentiae',4842),(35924,'Campililii',4842),(35925,'Campitempli',4842),(35926,'Caprunae',4842),(35927,'Clagenfurti',4842),(35928,'Claustroneoburgi',4842),(35929,'Cremisa ad Danuvium',4842),(35930,'Frisaci',4842),(35931,'Gradecii',4842),(35932,'Haedicolle',4842),(35933,'Hippolytopoli',4842),(35934,'Ipsae',4842),(35935,'Iudaeopoli',4842),(35936,'Laxenburgi',4842),(35937,'Lentiae',4842),(35938,'Leobinae',4842),(35939,'Leoncii',4842),(35940,'Lustenaviae',4842),(35941,'Muriponte vel Ponte ad Muram',4842),(35942,'Novacellae',4842),(35943,'Ossiaci',4842),(35944,'Ovilavae',4842),(35945,'Salisburgi',4842),(35946,'Seccoviae',4842),(35947,'Sideropoli',4842),(35948,'Svecati',4842),(35949,'Villaci vel Villae ad Lacum',4842),(35950,'Vindobonae',4842),(35951,'Volfgangopoli',4842),(35952,'Aiblingae',4839),(35953,'Aldensali',4839),(35954,'Amstelodami',4839),(35955,'Daventriae',4839),(35956,'Delphis sive Delfi',4839),(35957,'Dordraci',4839),(35958,'Elburgi',4839),(35959,'Franecherae',4839),(35960,'Gorcomii',4839),(35961,'Groningae',4839),(35962,'Gusii',4839),(35963,'Hagae Comitis',4839),(35964,'Harlemi',4839),(35965,'Harlingae',4839),(35966,'Hilversumi',4839),(35967,'Leovardiae',4839),(35968,'Lugduni Batavorum',4839),(35969,'Roterodami',4839),(35970,'Slusae',4839),(35971,'Svollis sive Zvollis',4839),(35972,'Traiecti ad Mosam',4839),(35973,'Traiecti ad Rhenum',4839),(35974,'Zutphaniae',4839),(35975,'Aldenardae',4846),(35976,'Alosti',4846),(35977,'Antverpiae',4846),(35978,'Atuatucae Tungrorum',4846),(35979,'Brugae sive Brugis',4846),(35980,'Bruxellis',4846),(35981,'Caroloregii',4846),(35982,'Caturrigi',4846),(35983,'Cortraci',4846),(35984,'Diestae',4846),(35985,'Dilbecae',4846),(35986,'Gandavi',4846),(35987,'Hasseleti',4846),(35988,'Iprae',4846),(35989,'Leodii',4846),(35990,'Lovanii',4846),(35991,'Meduanti',4846),(35992,'Namurci',4846),(35993,'Ostendae',4846),(35994,'Oppido Sancti Trudonis',4846),(35995,'Teneramundae',4846),(35996,'Tornaci',4846),(35997,'Turnholti',4846),(35998,'Brunae',4826),(35999,'Olomucii',4826),(36000,'Ostravae',4826),(36001,'Pilsnae',4826),(36002,'Pragae',4826),(36003,'Tepliciae',4826),(36004,'Banialucae',4845),(36005,'Seraii',4845),(36006,'Alburniae',4831),(36007,'Alfordiae',4831),(36008,'Arundelliae',4831),(36009,'Barmuthi',4831),(36010,'Bedfordiae',4831),(36011,'Beverlaci',4831),(36012,'Brictelmostoniae sive Brichtelmestunae',4831),(36013,'Birmingamiae',4831),(36014,'Bostoniae',4831),(36015,'Bradefordiae',4831),(36016,'Bristolii',4831),(36017,'Camuloduni',4831),(36018,'Cantabrigiae',4831),(36019,'Cantuariae',4831),(36020,'Crambi',4831),(36021,'Dani',4831),(36022,'Dubris vel Dovertii',4831),(36023,'Dunelmi',4831),(36024,'Durnovariae sive Dorcestriae',4831),(36025,'Eboraci',4831),(36026,'Etoniae',4831),(36027,'Grenovici',4831),(36028,'Iarmuthi',4831),(36029,'Kendaliae',4831),(36030,'Lancastriae',4831),(36031,'Ledesiae',4831),(36032,'Lemintoniae',4831),(36033,'Licestriae',4831),(36034,'Licfeldiae',4831),(36035,'Lindi',4831),(36036,'Liverpulae sive Liverpoli',4831),(36037,'Londinii',4831),(36038,'Mancunii',4831),(36039,'Northantoniae',4831),(36040,'Nortoniae',4831),(36041,'Norvici',4831),(36042,'Nottingamiae',4831),(36043,'Novi Castri super Tynam',4831),(36044,'Petroburgi',4831),(36045,'Plymuti',4831),(36046,'Radingae',4831),(36047,'Salfordiae',4831),(36048,'Salopiae',4831),(36049,'Seffeldiae',4831),(36050,'Sorbioduni',4831),(36051,'Oxoniae',4831),(36052,'Verulamii',4831),(36053,'Vindesorii',4831),(36054,'Vigorniae',4831),(36055,'Philippopoli',4856),(36056,'Odessi',4856),(36057,'Sophiae vel Serdicae',4856),(36058,'Cardiffae',4859),(36059,'Swanseae',4859),(36060,'Castuae',4838),(36061,'Iadere vel Iaderae',4838),(36062,'Flumine vel Tharsaticae vel Vitopoli',4838),(36063,'Mursae',4838),(36064,'Pietate Iulia',4838),(36065,'Ragusii',4838),(36066,'Ruginii',4838),(36067,'Sebenici',4838),(36068,'Spalati',4838),(36069,'Varasdini',4838),(36070,'Zagrabiae',4838),(36071,'Bucarestiis',4834),(36072,'Lugosii',4834),(36073,'Rothaceni',4834),(36074,'Satmarii',4834),(36075,'Aarhusii',4830),(36076,'Alburgi',4830),(36077,'Hafniae',4830),(36078,'Viburgi',4830),(36079,'Dorpati',4861),(36080,'Tallini',4861),(36081,'Aboae vel Aboiae',4837),(36082,'Esboae',4837),(36083,'Granivici vel Jyvaeskylae',4837),(36084,'Helsinkii',4837),(36085,'Uloae',4837),(36086,'Tamerforsiae',4837),(36087,'Andegavi',4825),(36088,'Aquis Calidis',4825),(36089,'Aquis Sextiis',4825),(36090,'Argentorati',4825),(36091,'Augustoriti Lemovici',4825),(36092,'Aureliae sive Cenabi',4825),(36093,'Autessioduri',4825),(36094,'Avennione',4825),(36095,'Brioci',4825),(36096,'Burdigalae',4825),(36097,'Cabellione',4825),(36098,'Caesaroduni',4825),(36099,'Camaraci vel Cameraci',4825),(36100,'Canois',4825),(36101,'Cluniaci',4825),(36102,'Coliniaci',4825),(36103,'Coniaci',4825),(36104,'Corisopiti vel Civitate Aquilonia',4825),(36105,'Dionysiopoli',4825),(36106,'Divione',4825),(36107,'Fani Iovis',4825),(36108,'Gratianopoli',4825),(36109,'Insulis',4825),(36110,'Iuliobonae',4825),(36111,'Lillerii',4825),(36112,'Lugduni',4825),(36113,'Lutetiae Parisiorum',4825),(36114,'Macloviopoli',4825),(36115,'Matiscone',4825),(36116,'Monoeci',4825),(36117,'Monte Pessulano',4825),(36118,'Massiliae',4825),(36119,'Nanceii',4825),(36120,'Narbonae',4825),(36121,'Nemausi',4825),(36122,'Nemetoduri',4825),(36123,'Nicaeae',4825),(36124,'Niorti',4825),(36125,'Pictavii',4825),(36126,'Quimperlei',4825),(36127,'Quintinopoli',4825),(36128,'Rupellae vel Santonum Portus',4825),(36129,'Sagii',4825),(36130,'Sedani',4825),(36131,'Spinalii',4825),(36132,'Spineti',4825),(36133,'Stephanopoli',4825),(36134,'Tannae',4825),(36135,'Tarbis vel Turbae',4825),(36136,'Telone Martio',4825),(36137,'Tolosae',4825),(36138,'Tutelae',4825),(36139,'Vesontione',4825),(36140,'Vesunnae',4825),(36141,'Vivarii',4825),(36142,'Algoviae vel Algoae',4829),(36143,'Ambergae',4829),(36144,'Aquis Mattiacis',4829),(36145,'Aquisgrani',4829),(36146,'Augustae Treverorum vel Trevirorum vel Treviris',4829),(36147,'Augustae Vindelicorum',4829),(36148,'Aureliae Aquensis',4829),(36149,'Bambergae',4829),(36150,'Berolini',4829),(36151,'Bilefeldiae',4829),(36152,'Bochumi',4829),(36153,'Borbetomagi vel Borbitomagi',4829),(36154,'Brambaci',4829),(36155,'Brandeburgi',4829),(36156,'Bremae',4829),(36157,'Bruxalii',4829),(36158,'Brunsvici',4829),(36159,'Caesareae ad Lutram',4829),(36160,'Carolinoburgi',4829),(36161,'Caroloruhae',4829),(36162,'Castellis',4829),(36163,'Caufburae',4829),(36164,'Coburgi',4829),(36165,'Coloniae Agrippinae',4829),(36166,'Confluentibus',4829),(36167,'Constantiae',4829),(36168,'Copenici',4829),(36169,'Cosfeldiae',4829),(36170,'Crefeldiae',4829),(36171,'Dessaviae',4829),(36172,'Dillingae',4829),(36173,'Divitiae',4829),(36174,'Dresdae',4829),(36175,'Duisburgi',4829),(36176,'Dusseldorpii',4829),(36177,'Embricae',4829),(36178,'Erbaci',4829),(36179,'Erdingae',4829),(36180,'Erfordiae',4829),(36181,'Erlangae',4829),(36182,'Eslingae',4829),(36183,'Essendiae',4829),(36184,'Fedingae',4829),(36185,'Felbaci',4829),(36186,'Feldhusae',4829),(36187,'Francofurti ad Moenum',4829),(36188,'Francofurti ad Viadrum',4829),(36189,'Friburgi Brisgaudiae vel Brisgavorum',4829),(36190,'Fridericoportu vel Friderici Portu',4829),(36191,'Fuldae',4829),(36192,'Gorlitii',4829),(36193,'Goslariae',4829),(36194,'Gothae',4829),(36195,'Gottingae',4829),(36196,'Gottorpii',4829),(36197,'Guelferbyti',4829),(36198,'Hallae Saxonum',4829),(36199,'Hamburgi',4829),(36200,'Hammonae',4829),(36201,'Hanaviae',4829),(36202,'Hannoverae',4829),(36203,'Harburgi',4829),(36204,'Heidelbergae',4829),(36205,'Helmostadii',4829),(36206,'Herbipoli',4829),(36207,'Hildesiae vel Hildeshemi',4829),(36208,'Ienae',4829),(36209,'Ingolstadii',4829),(36210,'Kiliae',4829),(36211,'Kiloniae',4829),(36212,'Kissingae vel Cussingi',4829),(36213,'Landeshuti',4829),(36214,'Luneburgi',4829),(36215,'Levercusae',4829),(36216,'Limburgi',4829),(36217,'Lindaviae',4829),(36218,'Lingae',4829),(36219,'Linici',4829),(36220,'Lipsiae',4829),(36221,'Lubecae',4829),(36222,'Luppiae',4829),(36223,'Magdeburgi',4829),(36224,'Maguntiae vel Moguntiae vel Mogontiaci',4829),(36225,'Mansfeldiae',4829),(36226,'Manhemii',4829),(36227,'Marburgi',4829),(36228,'Marcoduri',4829),(36229,'Memmingae',4829),(36230,'Monachii vel Monaci Bavarorum',4829),(36231,'Monasterii Vestfalorum',4829),(36232,'Norimbergae',4829),(36233,'Novae Curiae',4829),(36234,'Novesii',4829),(36235,'Novi Monasterii',4829),(36236,'Novobrandenburgi',4829),(36237,'Osnabrugae',4829),(36238,'Ottingae Novae',4829),(36239,'Paderbornae',4829),(36240,'Passaviae',4829),(36241,'Portu Ludovici vel Portu Ludoviciani',4829),(36242,'Portu Villelmiano',4829),(36243,'Ratisbonae',4829),(36244,'Rosenbergae',4829),(36245,'Rostokii',4829),(36246,'Saraviponti',4829),(36247,'Sorvioduri vel Straubingae',4829),(36248,'Spirae vel Noviomagi Nemetum',4829),(36249,'Stralsundae',4829),(36250,'Stutgardiae',4829),(36251,'Susati',4829),(36252,'Tessenii',4829),(36253,'Tubingae',4829),(36254,'Ulmae',4829),(36255,'Verdaviae',4829),(36256,'Veslariae',4829),(36257,'Vimariae',4829),(36258,'Vinianae',4829),(36259,'Vitembergae',4829),(36260,'Zittaviae',4829),(36261,'Zuicaviae',4829),(36262,'Athenis',4836),(36263,'Corcyrae',4836),(36264,'Kalamatae',4836),(36265,'Naupacti',4836),(36266,'Pagasae vel Pagasis',4836),(36267,'Patris',4836),(36268,'Spartis',4836),(36269,'Thessalonicae',4836),(36270,'Acauni vel Agauni',4853),(36271,'Basileae',4853),(36272,'Bernae',4853),(36273,'Beronae',4853),(36274,'Biennae',4853),(36275,'Crucilingae',4853),(36276,'Curvaldiae',4853),(36277,'Davone',4853),(36278,'Friburgi Helvetiorum',4853),(36279,'Gallopoli vel Fani Sancti Galli',4853),(36280,'Genavae, Genevae, Aureliae Allobrogum',4853),(36281,'Guategissi',4853),(36282,'Kyburgi',4853),(36283,'Lausannae',4853),(36284,'Leucae',4853),(36285,'Lucani',4853),(36286,'Lucernae',4853),(36287,'Monte Angelorum',4853),(36288,'Neocomi',4853),(36289,'Novioduni',4853),(36290,'Olitae vel Ultinae',4853),(36291,'Saloduri',4853),(36292,'Sargantiae',4853),(36293,'Scaphusiae',4853),(36294,'Suitiae vel Svitii',4853),(36295,'Tugii',4853),(36296,'Turici vel Tiguri',4853),(36297,'Allalae',4841),(36298,'Armidaliae',4841),(36299,'Belfastiae',4841),(36300,'Cassiliae',4841),(36301,'Clonfertiae',4841),(36302,'Corcagiae',4841),(36303,'Dublini vel Eblanae',4841),(36304,'Galviae',4841),(36305,'Kildariae',4841),(36306,'Kilkeniae',4841),(36307,'Killaloae vel Laoniae',4841),(36308,'Killarneae',4841),(36309,'Kilmorae',4841),(36310,'Kingsaliae',4841),(36311,'Limerici vel Limnivici',4841),(36312,'Manutii',4841),(36313,'Tipperariae',4841),(36314,'Tuami',4841),(36315,'Vaterfordii',4841),(36316,'Abulae',4833),(36317,'Accis vel Acci',4833),(36318,'Albasiti',4833),(36319,'Alboquercu',4833),(36320,'Alfambrae',4833),(36321,'Almeriae vel Almariae',4833),(36322,'Andreopoli vel Blendii',4833),(36323,'Anticariae',4833),(36324,'Arundae',4833),(36325,'Baionae',4833),(36326,'Barbastri',4833),(36327,'Barcinone',4833),(36328,'Burgi',4833),(36329,'Caesaraugustae',4833),(36330,'Calagurri',4833),(36331,'Calciatae',4833),(36332,'Carthagine Nova',4833),(36333,'Cartimae',4833),(36334,'Civitate Regia',4833),(36335,'Concae',4833),(36336,'Compluti',4833),(36337,'Cordubae',4833),(36338,'Coronae vel Caronii',4833),(36339,'Dertosae',4833),(36340,'Emeritae',4833),(36341,'Flaviobrigae vel Bilbai',4833),(36342,'Gadibus',4833),(36343,'Gerundae vel Gironae',4833),(36344,'Gigiae',4833),(36345,'Granatae',4833),(36346,'Hispali',4833),(36347,'Ilerdae vel Leridae',4833),(36348,'Ipagri',4833),(36349,'Iuliobrigae vel Lucronii',4833),(36350,'Lucenti',4833),(36351,'Luci',4833),(36352,'Malacae',4833),(36353,'Matriti',4833),(36354,'Mirandae',4833),(36355,'Oceli',4833),(36356,'Onobae',4833),(36357,'Oscae',4833),(36358,'Pace Augusta',4833),(36359,'Palmopoli',4833),(36360,'Podii Ceritani',4833),(36361,'Pompelonae',4833),(36362,'Salmanticae',4833),(36363,'Sebastianapoli',4833),(36364,'Segoviae',4833),(36365,'Seguntia',4833),(36366,'Septae vel Septem Fratribus',4833),(36367,'Stauropoli Ninguariae',4833),(36368,'Toleti',4833),(36369,'Vallisoleti vel Valdoliti',4833),(36370,'Valentiae',4833),(36371,'Victoriae',4833),(36372,'Xeri vel Astae vel Hastae',4833),(36373,'Albae Regalis',4840),(36374,'Arabonae vel Arrabonae vel Iaurini',4840),(36375,'Budapestini',4840),(36376,'Colociae',4840),(36377,'Comorrae',4840),(36378,'Debrecini',4840),(36379,'Sabariae',4840),(36380,'Scarabantiae vel Scarbantiae',4840),(36381,'Sopianis vel Quinque Ecclesiis',4840),(36382,'Strigonii',4840),(36383,'Szegedini vel Partisci',4840),(36384,'Tokaii',4840),(36385,'Vesprimii',4840),(36386,'Reykiavicae vel Reykiaviki',4857),(36387,'Abellini',4849),(36388,'Aesi',4849),(36389,'Agrigenti',4849),(36390,'Alaxii',4849),(36391,'Algarii',4849),(36392,'Amalfiae',4849),(36393,'Anconae',4849),(36394,'Antii',4849),(36395,'Aprutii',4849),(36396,'Ariciae',4849),(36397,'Arimini',4849),(36398,'Arretii',4849),(36399,'Asisii',4849),(36400,'Augustae Taurinorum',4849),(36401,'Baruli',4849),(36402,'Bergomi',4849),(36403,'Bononiae',4849),(36404,'Brixiae vel Bresciae',4849),(36405,'Brundisii',4849),(36406,'Caesenae',4849),(36407,'Camerini',4849),(36408,'Campli',4849),(36409,'Catinae vel Cataniae',4849),(36410,'Centumcellis',4849),(36411,'Cortonae',4849),(36412,'Cremae',4849),(36413,'Crotone',4849),(36414,'Dertonae',4849),(36415,'Diani',4849),(36416,'Drepani',4849),(36417,'Fani',4849),(36418,'Ferrariae',4849),(36419,'Fidentiae',4849),(36420,'Florentiae',4849),(36421,'Fossae Traianae',4849),(36422,'Empoliae',4849),(36423,'Genuae',4849),(36424,'Grumenti',4849),(36425,'Hastae',4849),(36426,'Hostiliae',4849),(36427,'Iguvii',4849),(36428,'Luceriae',4849),(36429,'Lupiis vel Lupiae',4849),(36430,'Maceratae',4849),(36431,'Mantuae',4849),(36432,'Mediolani',4849),(36433,'Messanae',4849),(36434,'Mileti',4849),(36435,'Mirandulae',4849),(36436,'Montellae',4849),(36437,'Mutinae',4849),(36438,'Neapoli',4849),(36439,'Ostiae vel Ostiis',4849),(36440,'Panormi',4849),(36441,'Parmae',4849),(36442,'Passani',4849),(36443,'Patavii',4849),(36444,'Perusiae',4849),(36445,'Pisauri',4849),(36446,'Pisis',4849),(36447,'Placentiae',4849),(36448,'Ravennae',4849),(36449,'Romae',4849),(36450,'Remopoli',4849),(36451,'Roboreti',4849),(36452,'Sacceri',4849),(36453,'Salerni',4849),(36454,'Salodii',4849),(36455,'Sapri',4849),(36456,'Saviliani',4849),(36457,'Saxi Ferrati',4849),(36458,'Signiae',4849),(36459,'Sondrii vel Sundrii',4849),(36460,'Syracusis',4849),(36461,'Tarenti',4849),(36462,'Tergesti',4849),(36463,'Tibure',4849),(36464,'Tridenti',4849),(36465,'Oppido Tusculo Inferiore',4849),(36466,'Uxenti',4849),(36467,'Verbaniae',4849),(36468,'Veronae',4849),(36469,'Vicetiae vel Vicentiae',4849),(36470,'Victoriae Venetorum',4849),(36471,'Viterbii',4849),(36472,'Viverone',4849),(36473,'Iurmalae',4844),(36474,'Rigae',4844),(36475,'Caunis',4827),(36476,'Claipedae',4827),(36477,'Vilcavisci',4827),(36478,'Vilnae',4827),(36479,'Angrae',4850),(36480,'Bracarae Augustae',4850),(36481,'Brigantiae',4850),(36482,'Conimbrigae',4850),(36483,'Eborae',4850),(36484,'Leiriae',4850),(36485,'Olisipone',4850),(36486,'Portu Cale vel Portu Calensi',4850),(36487,'Luxemburgi',4860),(36488,'Scopiae vel Scupis',4824),(36489,'Chisinoviae',4835),(36490,'Bergis vel Bergae',4828),(36491,'Kirkenesi',4828),(36492,'Navici',4828),(36493,'Nidrosiae',4828),(36494,'Osloae',4828),(36495,'Bielostokii',4832),(36496,'Bydgostiae',4832),(36497,'Casimiriae ad Vistulam',4832),(36498,'Catoviciae',4832),(36499,'Cracoviae',4832),(36500,'Gedani',4832),(36501,'Gorlitii',4832),(36502,'Iaroslaviae',4832),(36503,'Kielcii',4832),(36504,'Kirlovii',4832),(36505,'Lodziae',4832),(36506,'Lomzae',4832),(36507,'Lublini',4832),(36508,'Opolii',4832),(36509,'Posnaniae',4832),(36510,'Stargardiae',4832),(36511,'Stettini',4832),(36512,'Stolpae',4832),(36513,'Tarnoviae',4832),(36514,'Torunii',4832),(36515,'Tzenstochoviae',4832),(36516,'Varsaviae vel Varsoviae',4832),(36517,'Vratislaviae',4832),(36518,'Grodnae',4848),(36519,'Homel',4848),(36520,'Minsci',4848),(36521,'Mohiloviae',4848),(36522,'Vitepsci',4848),(36523,'Aberdoniae',4854),(36524,'Andreopoli',4854),(36525,'Dunkeldae',4854),(36526,'Edinburgi',4854),(36527,'Glasguae',4854),(36528,'Perthi Scotiae',4854),(36529,'Sterlingae',4854),(36530,'Taoduni',4854),(36531,'Belgradi sive Singiduni',4852),(36532,'Sirmii',4852),(36533,'Suboticae',4852),(36534,'Cassoviae',4858),(36535,'Leuconii',4858),(36536,'Neosolii',4858),(36537,'Nitriae',4858),(36538,'Popradii',4858),(36539,'Posonii sive Bratislavae',4858),(36540,'Rosenbergae',4858),(36541,'Rosnaviae',4858),(36542,'Solnae',4858),(36543,'Tirnavae',4858),(36544,'Villae Novae',4858),(36545,'Aemonae vel Haemonae vel Labaci',4855),(36546,'Carnii',4855),(36547,'Iustinopoli',4855),(36548,'Marburgi ad Dravam',4855),(36549,'Novae Goritiae',4855),(36550,'Poetovii',4855),(36551,'Christianostadii',4843),(36552,'Copingae',4843),(36553,'Halmostadii',4843),(36554,'Holmiae',4843),(36555,'Kirunae',4843),(36556,'Lincopiae',4843),(36557,'Lindesbergae',4843),(36558,'Malmogiae',4843),(36559,'In urbe Telga Australi',4843),(36560,'Upsalae',4843),(36561,'Carcoviae vel Chracoviae',4823),(36562,'Kioviae',4823),(36563,'Muncasii',4823),(36564,'Odessae',4823),(36565,'Ternopoli',4823),(36566,'Zytomirii',4823),(36567,'Concae Aequatoriae',4867),(36568,'Guarandae',4867),(36569,'Guayaquilii',4867),(36570,'Ibarrae',4867),(36571,'Loiae',4867),(36572,'Quitii',4867),(36573,'Rivobambae',4867),(36574,'Salinis Aequatoriae',4867),(36575,'Smaragdinae Aequatoriae',4867),(36576,'Tulcaniae',4867),(36577,'Argentopoli',4864),(36578,'Bonaeropoli vel Bonis Auris',4864),(36579,'Catamarcae',4864),(36580,'Cordubae Argentinae',4864),(36581,'Fidepoli Argentinae',4864),(36582,'Iuiuyae',4864),(36583,'Ludovicopoli',4864),(36584,'Mari Platensi',4864),(36585,'Martinopoli',4864),(36586,'Mendozae',4864),(36587,'Neuqueni',4864),(36588,'Raphaeliae',4864),(36589,'Rausoniae',4864),(36590,'Rivadaviae',4864),(36591,'Rivi Quarti',4864),(36592,'Rosarii',4864),(36593,'Sini Albi',4864),(36594,'Tucumaniae',4864),(36595,'Cotzabambae',4869),(36596,'Pacipoli',4869),(36597,'Potosiae',4869),(36598,'Stauropoli',4869),(36599,'Sucrepoli',4869),(36600,'Angelopoli Brasiliae',4871),(36601,'Aracaii',4871),(36602,'Barrae',4871),(36603,'Bellohorizonte',4871),(36604,'Belopoli',4871),(36605,'Bethleem Brasiliae',4871),(36606,'Botucati',4871),(36607,'Brasiliopoli',4871),(36608,'Campestris',4871),(36609,'Caratingae',4871),(36610,'Caxiae',4871),(36611,'Cautibus Pernambuci',4871),(36612,'Crateopoli',4871),(36613,'Crati',4871),(36614,'Curitibae',4871),(36615,'Fertiliae',4871),(36616,'Florianopoli',4871),(36617,'Flumine Ianuario',4871),(36618,'Flumine Magno',4871),(36619,'Goianiae',4871),(36620,'Ludovicopoli Bellomontanae',4871),(36621,'Ludovicopoli Maraniana',4871),(36622,'Maceii',4871),(36623,'Manausii',4871),(36624,'Mariopoli',4871),(36625,'Nataliae',4871),(36626,'Nigri Amniculi',4871),(36627,'Niteroiae',4871),(36628,'Olindae',4871),(36629,'Paulalfonsopoli',4871),(36630,'Paulopoli',4871),(36631,'Petrolinae',4871),(36632,'Petropoli',4871),(36633,'Portu Alacri',4871),(36634,'Portu Vetere',4871),(36635,'Raimundopoli',4871),(36636,'Sanctis',4871),(36637,'Sapecoae',4871),(36638,'Septemlacunis',4871),(36639,'Soteropoli',4871),(36640,'Stauropoli Brasiliae',4871),(36641,'Tamanduae',4871),(36642,'Tubarani',4871),(36643,'Uberabae',4871),(36644,'Valadariae',4871),(36645,'Victoriae Brasiliae',4871),(36646,'Aiseniae',4863),(36647,'Antofagastae',4863),(36648,'Aricae',4863),(36649,'Civitate Conceptione',4863),(36650,'Copiapi',4863),(36651,'Iacobopoli Chiliae',4863),(36652,'Iquiquae',4863),(36653,'Linariae',4863),(36654,'Philippopoli Chiliae',4863),(36655,'Serenopoli',4863),(36656,'Talcae',4863),(36657,'Taltaliae',4863),(36658,'Temuci',4863),(36659,'Valle Paradisi',4863),(36660,'Aegidiopoli',4873),(36661,'Antiochiae Columbiae',4873),(36662,'Armeniae',4873),(36663,'Barranquillae',4873),(36664,'Bogotae',4873),(36665,'Carthagine Columbiae',4873),(36666,'Cucutae',4873),(36667,'Facatativae',4873),(36668,'Garzoniae',4873),(36669,'Marthopoli',4873),(36670,'Metellini',4873),(36671,'Succursus',4873),(36672,'Tuniae',4873),(36673,'Valleduparae',4873),(36674,'Annae Reginae',4865),(36675,'Georgiopoli',4865),(36676,'Novi Amstelodami',4865),(36677,'Tiliae',4865),(36678,'Caiennae',4862),(36679,'Assumptione vel Assumptionopoli',4870),(36680,'Capiatae',4870),(36681,'Incarnatione',4870),(36682,'Lambarei',4870),(36683,'Laurentiopoli',4870),(36684,'Luquepoli',4870),(36685,'Arequipae',4872),(36686,'Callai',4872),(36687,'Caxamarcae',4872),(36688,'Cusci',4872),(36689,'Limae',4872),(36690,'Punii',4872),(36691,'Monte Visivo vel in urbe Montevideo',4868),(36692,'Paysandu',4868),(36693,'Petris',4868),(36694,'Saltu sive in urbe Saltense',4868),(36695,'In urbe Litoris',4868),(36696,'Barquisimeti',4866),(36697,'Caracis',4866),(36698,'Coneliani',4866),(36699,'Emeritae Venetiolae',4866),(36700,'Maracaibi',4866),(36701,'Maracai',4866),(36702,'Margaritopoli',4866),(36703,'Philippopoli',4866),(36704,'Alexandropoli vel Alexandriae Arachosiae',4890),(36705,'Caburae',4890),(36706,'Meccae vel Medabae',4885),(36707,'Medinae',4885),(36708,'Riadi',4885),(36709,'Bacu',4897),(36710,'Daccae',4880),(36711,'Culnae',4880),(36712,'Tzittagongae',4880),(36713,'Cualabelait',4883),(36714,'Eupatoriae',4876),(36715,'Cuangiuae',4888),(36716,'Seuli',4888),(36717,'Pyongyangae',4878),(36718,'Cuvaitopoli',4877),(36719,'Hongcongi vel Siamkiami',4895),(36720,'Akitae',4900),(36721,'Cagosimae',4900),(36722,'Cusiri',4900),(36723,'Ianagavae',4900),(36724,'Iocohamae',4900),(36725,'Fucusimae',4900),(36726,'Kyoti',4900),(36727,'Nagasakii',4900),(36728,'Ozacae',4900),(36729,'Sappori',4900),(36730,'Sendaii',4900),(36731,'Tokii',4900),(36732,'Sabae',4896),(36733,'Adzemiriae',4886),(36734,'Ahmedabadae',4886),(36735,'Ahmednagariae',4886),(36736,'Allahabadae',4886),(36737,'Bicanerii',4886),(36738,'Bombaiae',4886),(36739,'Bopaliae',4886),(36740,'Calcuttae',4886),(36741,'Calicuti',4886),(36742,'Coimbaturae',4886),(36743,'Cotaviae',4886),(36744,'Cottaiami',4886),(36745,'Cotzini',4886),(36746,'Crisnagariae',4886),(36747,'Cumbaconami',4886),(36748,'Dardzilingae',4886),(36749,'Delii vel Novi Delii',4886),(36750,'Ernaculam',4886),(36751,'Goae',4886),(36752,'Faisabadae',4886),(36753,'Haiderabadae',4886),(36754,'Iaipurae',4886),(36755,'Iamsedpurae',4886),(36756,'Lucnoviae',4886),(36757,'Meruti',4886),(36758,'Nagpurae',4886),(36759,'Navangariae',4886),(36760,'Nellorii',4886),(36761,'Patnae',4886),(36762,'Raipurae',4886),(36763,'Rantzii',4886),(36764,'Solapurae',4886),(36765,'Srinagariae',4886),(36766,'Trivandri',4886),(36767,'Varangaliae',4886),(36768,'Hamadani',4899),(36769,'Masadae',4899),(36770,'Teherani',4899),(36771,'Bagdati',4894),(36772,'Bassorae',4894),(36773,'Ascalon',4884),(36774,'Bethleem',4884),(36775,'Gazae',4884),(36776,'Hierosolymis vel Hierusalem',4884),(36777,'Vernicollis vel Tel Aviv',4884),(36778,'Beryti',4892),(36779,'Botri vel Batrunae',4892),(36780,'Bybli',4892),(36781,'Ioppe',4892),(36782,'Sidone',4892),(36783,'Tyri',4892),(36784,'Decadoroni',4882),(36785,'Catmandi',4903),(36786,'Lyalpurae',4901),(36787,'Multaniae',4901),(36788,'Pesavariae',4901),(36789,'Banguedae',4879),(36790,'Batangis',4879),(36791,'Caebuae',4879),(36792,'Iari',4879),(36793,'Legaspiae',4879),(36794,'Lucenae',4879),(36795,'Manilae',4879),(36796,'Tarlaci',4879),(36797,'Assabadae',4887),(36798,'Crasnodariae',4887),(36799,'Gorkipoli',4887),(36800,'Grodeci',4887),(36801,'Ialtae',4887),(36802,'Petropoli',4887),(36803,'Mosquae',4887),(36804,'Novogardiae',4887),(36805,'Saratoviae',4887),(36806,'Sebastopoli',4887),(36807,'Smolenscae',4887),(36808,'Stephanopoli',4887),(36809,'Mucden',4889),(36810,'Nankini',4889),(36811,'Pekini',4889),(36812,'Sanghaevi',4889),(36813,'Beroeae',4881),(36814,'Damasci',4881),(36815,'Heliopoli',4881),(36816,'Anuradapurae',4891),(36817,'Aiuthiae',4893),(36818,'Ancyrae',4902),(36819,'Caranae vel Theodosiopoli',4902),(36820,'Mazacae',4902),(36821,'Raedestus vel Rhaedestus',4902),(36822,'Smyrnae',4902),(36823,'Assabadae',4898),(36824,'Bucharae',4875),(36825,'Maracandae',4875),(36826,'Taskenti',4875),(36827,'Hanoii',4874),(36828,'Saigoniae vel Hotzimini',4874),(36829,'Alexandriae',4931),(36830,'Cairi',4931),(36831,'Damiatae',4931),(36832,'Portu Saidensi',4931),(36833,'Suesii',4931),(36834,'Syene',4931),(36835,'Addis Ababa',4940),(36836,'Adigrat',4940),(36837,'Gondar',4940),(36838,'Alivalae',4909),(36839,'Coronopoli',4909),(36840,'Durbaniae',4909),(36841,'Esoviae',4909),(36842,'Florifonte',4909),(36843,'Kimberleii',4909),(36844,'Krugersdorpii',4909),(36845,'Ioannisburgi',4909),(36846,'Portu Elisabethano',4909),(36847,'Praetoriae',4909),(36848,'Promunturii Bonae Spei',4909),(36849,'Stellenboschii',4909),(36850,'Icosii',4922),(36851,'Luandae',4936),(36852,'Nova Olisipone',4936),(36853,'Cotonuae',4927),(36854,'Paracuae',4927),(36855,'Gaboronae',4920),(36856,'Dualae',4917),(36857,'Iaunde',4917),(36858,'Necongsambae',4917),(36859,'Canangae',4928),(36860,'Kinsasae',4928),(36861,'Kisanganiae',4928),(36862,'Asmarae',4937),(36863,'Keren',4937),(36864,'Bricamae',4908),(36865,'Accrae',4929),(36866,'Cumasiae',4929),(36867,'Ketae',4929),(36868,'Kissidugi',4910),(36869,'Nezerecoreae',4910),(36870,'Malabi',4939),(36871,'Bissaviae',4933),(36872,'Nairobiae',4913),(36873,'Monroviae',4923),(36874,'Oeae',4932),(36875,'Abidiani',4915),(36876,'Miarinarivi',4916),(36877,'Dedzae',4930),(36878,'Lilongwe',4930),(36879,'Mezuzi',4930),(36880,'Bamaci',4942),(36881,'Rabati',4938),(36882,'Aiunae',4943),(36883,'Kenemae',4925),(36884,'Beirae',4905),(36885,'Maputi',4905),(36886,'Nampulae',4905),(36887,'Ketmanshopii',4941),(36888,'Vindhukii',4941),(36889,'Cadunae',4934),(36890,'Cani (Kano)',4934),(36891,'Enugi',4934),(36892,'Ibadani',4934),(36893,'Lacunopoli',4934),(36894,'Musinae',4934),(36895,'Varriae',4934),(36896,'Niameiae',4935),(36897,'Kigaliae',4919),(36898,'Dacariae',4914),(36899,'Daganae',4914),(36900,'Mogadisii',4911),(36901,'Kassalae',4918),(36902,'Khartoum',4918),(36903,'Omdurman',4918),(36904,'Portus Sudaniae',4918),(36905,'Dodomae',4904),(36906,'Irenopoli Tanzaniae vel Daressalam',4904),(36907,'Kigomae',4904),(36908,'Lomi',4906),(36909,'Tunete',4926),(36910,'Nediamenae',4907),(36911,'Campalae',4924),(36912,'Dzindzae',4924),(36913,'Entebe',4924),(36914,'Hoimae',4924),(36915,'Torori',4924),(36916,'Livinstoniae',4912),(36917,'Lusacae',4912),(36918,'Nedolae',4912),(36919,'Harare',4921),(36920,'Adelaidopoli',4944),(36921,'Ballarati',4944),(36923,'Brisbaniae',4944),(36924,'Corvopoli',4944),(36925,'Essendoniae',4944),(36926,'Gulburni',4944),(36927,'Lismoril',4944),(36928,'Macaiae',4944),(36929,'Melburni',4944),(36930,'Perthi Australiae',4944),(36931,'Sperantiae',4944),(36932,'Sydneii',4944),(36933,'Viallae',4944),(36934,'Vonangattae',4944),(36935,'Suvae',4946),(36936,'Iacartae',4947),(36937,'Bandungae',4947),(36938,'Cupangae',4947),(36939,'Rutengae',4947),(36940,'Cualae Lumpuriae',4948),(36941,'Numeae',4949),(36942,'Auclandiae',4950),(36943,'Dunedini',4950),(36944,'Vellintoniae',4950),(36945,'Caviengae',4951),(36946,'Portu Moresbiensi',4951),(36947,'Dilii',4952);
/*!40000 ALTER TABLE `cities` ENABLE KEYS */;
UNLOCK TABLES;

--
-- Table structure for table `continents`
--

DROP TABLE IF EXISTS `continents`;
/*!40101 SET @saved_cs_client     = @@character_set_client */;
/*!40101 SET character_set_client = utf8 */;
CREATE TABLE `continents` (
  `id` int(11) NOT NULL AUTO_INCREMENT,
  `name` varchar(128) NOT NULL,
  PRIMARY KEY (`id`)
) ENGINE=InnoDB AUTO_INCREMENT=7 DEFAULT CHARSET=latin1;
/*!40101 SET character_set_client = @saved_cs_client */;

--
-- Dumping data for table `continents`
--

LOCK TABLES `continents` WRITE;
/*!40000 ALTER TABLE `continents` DISABLE KEYS */;
INSERT INTO `continents` VALUES (1,'Africa'),(2,'Asia'),(3,'Europa'),(4,'America Septentrionali'),(5,'America Meridiana'),(6,'Australia et Oceania');
/*!40000 ALTER TABLE `continents` ENABLE KEYS */;
UNLOCK TABLES;

--
-- Table structure for table `countries`
--

DROP TABLE IF EXISTS `countries`;
/*!40101 SET @saved_cs_client     = @@character_set_client */;
/*!40101 SET character_set_client = utf8 */;
CREATE TABLE `countries` (
  `id` int(11) NOT NULL AUTO_INCREMENT,
  `name` varchar(128) NOT NULL,
  `continent_id` int(11) DEFAULT NULL,
  PRIMARY KEY (`id`),
  UNIQUE KEY `country` (`name`),
  KEY `name` (`name`),
  KEY `fk_continents` (`continent_id`),
  CONSTRAINT `countries_ibfk_1` FOREIGN KEY (`continent_id`) REFERENCES `continents` (`id`) ON DELETE NO ACTION ON UPDATE CASCADE
) ENGINE=InnoDB AUTO_INCREMENT=4953 DEFAULT CHARSET=latin1;
/*!40101 SET character_set_client = @saved_cs_client */;

--
-- Dumping data for table `countries`
--

LOCK TABLES `countries` WRITE;
/*!40000 ALTER TABLE `countries` DISABLE KEYS */;
INSERT INTO `countries` VALUES (4809,'Barbatianis Insulis',4),(4810,'Canada',4),(4811,'Mexico',4),(4812,'Costarica sive Ora Divite',4),(4813,'Nicaragua',4),(4814,'Civitatibus Foederatis',4),(4815,'Portu Divite',4),(4816,'Beliza',4),(4817,'Honduria',4),(4818,'Salvatoria',4),(4819,'Panama',4),(4820,'Cuba',4),(4821,'Iamaica',4),(4822,'Guatimala',4),(4823,'Ucraina',3),(4824,'Macedonia',3),(4825,'Gallia',3),(4826,'Bohemia',3),(4827,'Lithuania',3),(4828,'Norvegia',3),(4829,'Germania',3),(4830,'Dania',3),(4831,'Britannia',3),(4832,'Polonia',3),(4833,'Hispania',3),(4834,'Daco-Romania',3),(4835,'Moldavia',3),(4836,'Graecia',3),(4837,'Finnia',3),(4838,'Croatia',3),(4839,'Batavia',3),(4840,'Hungaria',3),(4841,'Hibernia',3),(4842,'Austria',3),(4843,'Suetia',3),(4844,'Lettonia',3),(4845,'Bosnia et Herzegovina',3),(4846,'Belgio',3),(4847,'Albania',3),(4848,'Ruthenia Alba',3),(4849,'Italia',3),(4850,'Lusitania',3),(4851,'Agro Merulano',3),(4852,'Serbia',3),(4853,'Helvetia',3),(4854,'Scotia sive Caledonia',3),(4855,'Slovenia',3),(4856,'Bulgaria',3),(4857,'Islandia',3),(4858,'Slovacia',3),(4859,'Cambria sive Vallia',3),(4860,'Luxemburgo',3),(4861,'Estonia',3),(4862,'Guiana Francica',5),(4863,'Chilia',5),(4864,'Argentina',5),(4865,'Guiana',5),(4866,'Venetiola',5),(4867,'Aequatoria',5),(4868,'Uraquaria',5),(4869,'Bolivia',5),(4870,'Paraquaria',5),(4871,'Brasilia',5),(4872,'Peruvia',5),(4873,'Columbia',5),(4874,'Vietnamia',2),(4875,'Uzbecistania',2),(4876,'Chersoneso Taurica',2),(4877,'Cuvaitensi Phylarchia',2),(4878,'Corea Septentrionali',2),(4879,'Philippinis Insulis',2),(4880,'Bangladesa',2),(4881,'Syria',2),(4882,'Monte Nigro',2),(4883,'Bruneio',2),(4884,'Israel vel Palestinis terris',2),(4885,'Arabia Saudiana',2),(4886,'India',2),(4887,'Russia',2),(4888,'Corea Meridiana',2),(4889,'Sinis',2),(4890,'Afganistania',2),(4891,'Taprobane',2),(4892,'Libano',2),(4893,'Thailandia',2),(4894,'Iraquia',2),(4895,'Hongcongo vel Siamkiamo',2),(4896,'Iemenia',2),(4897,'Atropatene',2),(4898,'Turcmenistania',2),(4899,'Irania',2),(4900,'Iaponia',2),(4901,'Pakistania',2),(4902,'Turcia',2),(4903,'Nepalia',2),(4904,'Tanzania',1),(4905,'Mozambico',1),(4906,'Togo',1),(4907,'Tzadia',1),(4908,'Gambia',1),(4909,'Africa Australi',1),(4910,'Guinea',1),(4911,'Somalia',1),(4912,'Zambia',1),(4913,'Kenia',1),(4914,'Senegalia',1),(4915,'Litore Eburneo',1),(4916,'Madagascaria',1),(4917,'Cammarunia',1),(4918,'Sudania',1),(4919,'Ruanda',1),(4920,'Botsuana',1),(4921,'Zimbabua',1),(4922,'Algeria',1),(4923,'Liberia',1),(4924,'Uganda',1),(4925,'Monte Leonino sive Monte Leonis',1),(4926,'Tunesia',1),(4927,'Benino sive Dahomeia',1),(4928,'Congo',1),(4929,'Gana',1),(4930,'Malavio',1),(4931,'Aegypto',1),(4932,'Libya',1),(4933,'Guinea Bissaviensi',1),(4934,'Nigeria',1),(4935,'Nigritania',1),(4936,'Angolia',1),(4937,'Erythraea',1),(4938,'Marokio sive Marochio',1),(4939,'Guinea Aequinoctiali',1),(4940,'Aethiopia',1),(4941,'Namibia',1),(4942,'Malia',1),(4943,'Mauritania',1),(4944,'Australia',6),(4946,'Fisiensibus Insulis',6),(4947,'Indonesia',6),(4948,'Malaesia',6),(4949,'Nova Caledonia',6),(4950,'Nova Zealandia',6),(4951,'Papua Nova Guinea',6),(4952,'Timoria',6);
/*!40000 ALTER TABLE `countries` ENABLE KEYS */;
UNLOCK TABLES;

--
-- Table structure for table `latcountries`
--

DROP TABLE IF EXISTS `latcountries`;
/*!40101 SET @saved_cs_client     = @@character_set_client */;
/*!40101 SET character_set_client = utf8 */;
CREATE TABLE `latcountries` (
  `CountryID` int(11) NOT NULL AUTO_INCREMENT,
  `continent` varchar(28) NOT NULL,
  `country` varchar(100) NOT NULL,
  PRIMARY KEY (`CountryID`)
) ENGINE=INNODB DEFAULT CHARSET=latin1;
/*!40101 SET character_set_client = @saved_cs_client */;

--
-- Dumping data for table `latcountries`
--

LOCK TABLES `latcountries` WRITE;
/*!40000 ALTER TABLE `latcountries` DISABLE KEYS */;
/*!40000 ALTER TABLE `latcountries` ENABLE KEYS */;
UNLOCK TABLES;

--
-- Table structure for table `news`
--

DROP TABLE IF EXISTS `news`;
/*!40101 SET @saved_cs_client     = @@character_set_client */;
/*!40101 SET character_set_client = utf8 */;
CREATE TABLE `news` (
  `id` int(11) NOT NULL AUTO_INCREMENT,
  `title` varchar(128) NOT NULL,
  `slug` varchar(128) NOT NULL,
  `text` text NOT NULL,
  PRIMARY KEY (`id`),
  KEY `slug` (`slug`)
) ENGINE=InnoDB AUTO_INCREMENT=6 DEFAULT CHARSET=latin1;
/*!40101 SET character_set_client = @saved_cs_client */;

--
-- Dumping data for table `news`
--

LOCK TABLES `news` WRITE;
/*!40000 ALTER TABLE `news` DISABLE KEYS */;
INSERT INTO `news` VALUES (1,'Man bites dog','manbitesdog','In an early morning confrontation between a 55 yo male and a doberman pinscher named Axxx, the man allegedly bit the dog on paw when it tried to take the man\'s hoho, news at 11.'),(2,'Oligarch shooting','richkilling','Poor homeless people were awaken from their cars Tuesday morning when awoke to a mob of disenfranchised ex Boeing workers chasing down Bill Gates in the streets and pumping 12 rounds of salt into the sickenly rich oligarch.  Gates is expected to survive but the courts have awarded the mob all his money.  News at 11.'),(3,'Skunk Drunk','skunk-drunk','A man walked into a bar in downtown Bellingham and proceeded to go shot for shot with the pet skunk pulled out of his pocket.  Onlookers were agape as he proceeded to get \"stinking\" drunk.  The skunk was pretty wasted too.'),(4,'Testy test code','testy-test-code','TEST DIS'),(5,'WTF','wtf','Pics at 7');
/*!40000 ALTER TABLE `news` ENABLE KEYS */;
UNLOCK TABLES;

--
-- Table structure for table `questions`
--

DROP TABLE IF EXISTS `questions`;
/*!40101 SET @saved_cs_client     = @@character_set_client */;
/*!40101 SET character_set_client = utf8 */;
CREATE TABLE `questions` (
  `id` int(11) NOT NULL AUTO_INCREMENT,
  `question_text` varchar(256) DEFAULT NULL,
  `last_update_dt` timestamp NOT NULL DEFAULT CURRENT_TIMESTAMP,
  `question_number` int(11) DEFAULT NULL,
  PRIMARY KEY (`id`)
) ENGINE=InnoDB AUTO_INCREMENT=23 DEFAULT CHARSET=latin1;
/*!40101 SET character_set_client = @saved_cs_client */;

--
-- Dumping data for table `questions`
--

LOCK TABLES `questions` WRITE;
/*!40000 ALTER TABLE `questions` DISABLE KEYS */;
INSERT INTO `questions` VALUES (1,'Quod est tibi nomen?','2018-08-02 23:19:55',1),(2,'Cuius generis es? Sum generis...','2018-08-02 23:23:53',2),(3,'Cuius hominum varietatis es?','2018-08-02 23:25:10',3),(4,'Quo anno natus/a es?','2018-08-02 23:25:42',4),(5,'Unde es oriundus vel oriunda? E/ex...','2018-08-02 23:26:10',5),(6,'Qua in terra habitas? In..','2018-08-02 23:26:41',6),(7,'Qua in urbe habitas? Habito... (Elige responsum infra conscriptum aut scribe urbis nomen Latine vel sermone patrio)','2018-08-02 23:27:20',7),(8,'Quo munere fungeris? (Elige responsum infra conscriptum aut scribe muneris nomen Latine vel sermone patrio. Rude si acceperis, scribe quo munere functus sis). Sum... ','2018-08-02 23:27:59',8),(9,'Quam fidem profiteris? (Elige responsum infra conscriptum aut scribe fidei nomen Latine vel sermone patrio). ','2018-08-02 23:28:37',9),(10,'Quas linguas praeter Latinam didicisti? ','2018-08-02 23:29:22',10),(11,'Quot annos natus Latine discere coepisti?','2018-08-02 23:30:24',11),(12,'Quomodo Latine discere coepisti? ','2018-08-02 23:32:41',12),(13,'Qua ratione sermone Latino uteris? ','2018-08-02 23:33:54',13),(14,'Quamdiu iam sermone Latino uteris? ','2018-08-02 23:34:39',14),(15,'Si qua in institutione (in schola inferiori vel in universitate studiorum) in sermonem Latinum incubuisti, elige eius nomen infra conscriptum aut scribe nomen Latine vel sermone patrio: ','2018-08-02 23:35:38',15),(17,'Si cui conventui Latino (aestivo tempore aut alias) interfuisti, elige responsum infra conscriptum aut scribe conventus nomen Latine vel sermone patrio. Conventum petivi q.i.:','2018-08-02 23:50:00',16),(18,'Si quo libro scholari usus vel usa es, elige nomen infra conscriptium vel eius nomen scribe Latine vel sermone patrio:','2018-08-02 23:50:40',17),(19,'Ubi sermone Latino uti soles? Elige omnes rationes quibus uteris vel scribe Latine vel sermone patrio: ','2018-08-02 23:51:12',18),(20,'Quae est inscriptio tua electronica?','2018-08-02 23:51:52',19),(22,'Si quid de hoc Censu vel de Latini sermonis usu dicere velis, infra scribe','2018-08-03 00:13:23',20);
/*!40000 ALTER TABLE `questions` ENABLE KEYS */;
UNLOCK TABLES;

--
-- Table structure for table `universities`
--

DROP TABLE IF EXISTS `universities`;
/*!40101 SET @saved_cs_client     = @@character_set_client */;
/*!40101 SET character_set_client = utf8 */;
CREATE TABLE `universities` (
  `id` int(11) NOT NULL AUTO_INCREMENT,
  `name` varchar(128) NOT NULL,
  `city_id` int(11) NOT NULL,
  `country_id` int(11) NOT NULL,
  PRIMARY KEY (`id`),
  UNIQUE KEY `name` (`name`)
) ENGINE=InnoDB AUTO_INCREMENT=1053 DEFAULT CHARSET=latin1;
/*!40101 SET character_set_client = @saved_cs_client */;

--
-- Dumping data for table `universities`
--

LOCK TABLES `universities` WRITE;
/*!40000 ALTER TABLE `universities` DISABLE KEYS */;
INSERT INTO `universities` VALUES (790,'Universitas Studiorum Catholica Lusitana',0,4850),(791,'Universitas Studiorum Conimbrigensis',0,4850),(792,'Universitas Studiorum Minii',0,4850),(793,'Universitas Studiorum Olisiponensis',0,4850),(794,'Universitas Studiorum Olisiponensis Nova',0,4850),(795,'Universitas Studiorum Portucalensis',0,4850),(796,'Pontificia Universitas Studiorum Catholica Argentina (UCA)',0,4864),(797,'Universitas Studiorum Nationalis Australis (UNS)',0,4864),(798,'Universitas Studiorum Bonaerensis (UBA)',0,4864),(799,'Universitas Studiorum Nationalis Cordubensis (UNC)',0,4864),(800,'Universitas Studiorum Nationalis Litoralis (UNL)',0,4864),(801,'Universitas Studiorum Nationalis Ludovicopolitana (UNSL)',0,4864),(802,'Universitas Studiorum Nationalis Marplatensis (UNMdP)',0,4864),(803,'Universitas Studiorum Nationalis Platensis vel Argentopolitana (UNLP)',0,4864),(804,'Universitas Studiorum Nationalis Rosariensis (UNR)',0,4864),(805,'Universitas Studiorum NATIONALIS Tucumaniensis (UNT)',0,4864),(806,'Academia Vivarium Novum',0,4849),(807,'Pontificia Universitas Studiorum Gregoriana',0,4849),(808,'Pontificia Universitas Studiorum Urbaniana',0,4849),(809,'Pontificia Universitas Studiorum Lateranensis',0,4849),(810,'Pontificia Universitas Studiorum Salesiana',0,4849),(811,'Pontificia Universitas Studiorum Sanctae Crucis',0,4849),(812,'Pontificia Universitas Studiorum a Sancto Thoma Aquinate',0,4849),(813,'Schola Normalis Superior Pisana (SNS)',0,4849),(814,'Universitas Studiorum Bononiensis',0,4849),(815,'Universitas Studiorum Mediolanensis',0,4849),(816,'Universitas Studiorum Patavina',0,4849),(817,'Universitas Studiorum Panormitana',0,4849),(818,'Universitas Studiorum Pisana',0,4849),(819,'Universitas Studiorum Florentina',0,4849),(820,'Universitas Studiorum Romana c.n. Sapientia',0,4849),(821,'Universitas Studiorum Taurinensis',0,4849),(822,'Universitas Studiorum Tridentina (Athesina)',0,4849),(823,'Pontificia Universitas Studiorum Catholica Chiliensis (UC)',0,4863),(824,'Universitas Studiorum ab Andrea Bello (UNAB)',0,4863),(825,'Universitas Studiorum ab Arturo Prat',0,4863),(826,'Universitas Studiorum Chiliensis',0,4863),(827,'Universitas Studiorum Conceptionis',0,4863),(828,'Universitas Studiorum Iacobopolitana Chiliensis (USACH)',0,4863),(829,'Universitas Studiorum Vallis Paradisi (UV)',0,4863),(830,'Universitas Studiorum Antverpiensis',0,4846),(831,'Universitas Studiorum Bruxellensis Libera',0,4846),(832,'Universitas Studiorum Catholica Lovaniensis',0,4846),(833,'Universitas Studiorum Gandavensis',0,4846),(834,'Universitas Studiorum Hasseletensis',0,4846),(835,'Schola Nova',0,4846),(836,'Universitas Studiorum Kiotensis',0,4900),(837,'Universitas Studiorum Nagoiensis',0,4900),(838,'Universitas Studiorum Osacensis',0,4900),(839,'Universitas Studiorum Tociensis',0,4900),(840,'Collegium Sanctae et Inviduae Trinitatis Reginae Elisabethae iuxta Dublinum',0,4841),(841,'Universitas Studiorum Dublinensis',0,4841),(842,'Universitas Studiorum Hiberniae Nationalis apud Corcagium (vel Corcagiam) (UCC)',0,4841),(843,'Universitas Studiorum Hiberniae Nationalis apud Dublinum (UCD)',0,4841),(844,'Universitas Studiorum Hiberniae Nationalis apud Galviam',0,4841),(845,'Universitas Studiorum Hiberniae Nationalis apud Manutium (NUIM vel MU)',0,4841),(846,'Universitas Studiorum Limerickensis (UL)',0,4841),(847,'Universitas Studiorum Reginae Belfastiae (QUB)',0,4841),(848,'Universitas Studiorum Urbis Dubliniae (vel Dublini) (DCU)',0,4841),(849,'Universitas Studiorum Graecensis Carolo Franciscea (vel Gradeciensis)',0,4842),(850,'Universitas Studiorum Oenipontana Leopoldino Franciscea',0,4842),(851,'Universitas Studiorum Vindobonensis Rudolphina',0,4842),(852,'Universitas Studiorum Salisburgensis Paris-Lodron',0,4842),(853,'Universitas Studiorum Salisburgensis Mozartea',0,4842),(854,'Universitas Studiorum Latviensis (vel Lettonica)',0,4844),(855,'Universitas Studiorum Rigensis Stradina (RSU)',0,4844),(856,'Universitas Studiorum Technicarum Rigensis (RTU)',0,4844),(857,'Universitas Studiorum Albertae Edmundopoli',0,4810),(858,'Universitas Studiorum Calgariae',0,4810),(859,'Universitas Studiorum Columbiae Britannicae',0,4810),(860,'Universitas Studiorum Concordia Monte Regali',0,4810),(861,'Universitas Studiorum Macmastrensis',0,4810),(862,'Universitas Studiorum McGill Monte Regali',0,4810),(863,'Universitas Studiorum Montis Regii (vel Regalis)',0,4810),(864,'Universitas Studiorum Novae Brunsvigae',0,4810),(865,'Universitas Studiorum Reginae apud Regiodunum',0,4810),(866,'Universitas Studiorum Torontina',0,4810),(867,'Universitas Studiorum Quebeci',0,4810),(868,'Universitas Studiorum Waterloensis',0,4810),(869,'Universitas Studiorum Tallinensis (TU)',0,4861),(870,'Universitas Studiorum Tartuensis (vel Dorpatensis) (UT)',0,4861),(871,'Universitas Studiorum Nairobiensis',0,4913),(872,'Universitas Studiorum Islandiae',0,4857),(873,'Universitas Studiorum Cardiffensis',0,4859),(874,'Universitas Studiorum Swanseae',0,4859),(875,'Universitas Studiorum Republicana (UdelaR)',0,4868),(876,'Universitas Studiorum Africae Australis (UNISA)',0,4909),(877,'Universitas Studiorum Rhodesiana',0,4909),(878,'Universitas Studiorum Ioannisburgensis (UJ)',0,4909),(879,'Universitas Studiorum c.n. KwaZulu-Natal (UKZN)',0,4909),(880,'Universitas Studiorum Praetoriana',0,4909),(881,'Universitas Studiorum Promunturii Bonae Spei (UCT)',0,4909),(882,'Universitas Studiorum Promunturii Occidentalis',0,4909),(883,'Universitas Studiorum Stellenboschensis',0,4909),(884,'Universitas Studiorum Witwatersrandensis',0,4909),(885,'Universitas Studiorum Basiliensis',0,4853),(886,'Universitas Studiorum Bernensis',0,4853),(887,'Universitas Studiorum Friburgensis Helvetiorum',0,4853),(888,'Universitas Studiorum Gallopolitana',0,4853),(889,'Universitas Studiorum Turicensis (UZH)',0,4853),(890,'Universitas Studiorum Genevensis',0,4853),(891,'Universitas Studiorum Lausannensis (UNIL)',0,4853),(892,'Universitas Studiorum Neocomensis (UNINE)',0,4853),(893,'Universitas Studiorum Aberdonensis',0,4854),(894,'Universitas Studiorum Glasguensis',0,4854),(895,'Universitas Studiorum Edinburgensis',0,4854),(896,'Universitas Studiorum Sancti Andreae apud Scotos',0,4854),(897,'Universitas Studiorum Labacensis vel Aemonensis (UL)',0,4855),(898,'Universitas Studiorum Litoralis',0,4855),(899,'Universitas Studiorum Marburgensis (UM)',0,4855),(900,'Universitas Studiorum Novae Goritiae (UNG)',0,4855),(901,'Concilium Populi Galli Investigationibus Foevendis (CNRS)',0,4825),(902,'Schola Superior Studiis Humanisticis Provehendis (EHESS)',0,4825),(903,'Schola Normalis Superior (ENS Lutetiae)',0,4825),(904,'Universitas Studiorum Catholica Insulensis',0,4825),(905,'Universitas Studiorum Catholica Lugdunensis',0,4825),(906,'Universitas Studiorum Catholica Parisiensis (ICP)',0,4825),(907,'Universitas Studiorum Catholica Tolosana (ICT)',0,4825),(908,'Universitas Studiorum Catholica Occidentis (UCO)',0,4825),(909,'Universitas Studiorum Argentorati (UNISTRA vel UDS)',0,4825),(910,'Universitas Studiorum Magistrorum et Scholarium Parisiensis (Sorbonnensis)',0,4825),(911,'Universitas Studiorum Parisiensis-Sorbonnensis (Paris IV)',0,4825),(912,'Universitas Studiorum Parisiensis-Meridianae (Paris XI)',0,4825),(913,'Universitas Studiorum Massiliensis (AMU)',0,4825),(914,'Universitas Studiorum Autonoma Civitatis Mexicanae (UAEM)',0,4811),(915,'Universitas Studiorum Autonoma Guadalaxarae (UAG)',0,4811),(916,'Universitas Studiorum Autonoma Novi Leonis (UANL)',0,4811),(917,'Universitas Studiorum Autonoma Metropolitana (UAM)',0,4811),(918,'Universitas Studiorum Autonoma Mexicana (UNAM)',0,4811),(919,'Universitas Studiorum Colimae',0,4811),(920,'Universitas Studiorum Guadalaxarae (UdeG)',0,4811),(921,'Universitas Studiorum Guanajuati',0,4811),(922,'Universitas Studiorum Iberoamericana Mexicopolis (UIA)',0,4811),(923,'Universitas Studiorum La Salliana (ULSA)',0,4811),(924,'Universitas Studiorum Panamericana (UP)',0,4811),(925,'Universitas Studiorum Verae Crucis',0,4811),(926,'Universitas Studiorum Autonoma Yucatanensi (UADY)',0,4811),(927,'Universitas Studiorum Iadertina',0,4838),(928,'Universitas Studiorum Fluminensis',0,4838),(929,'Universitas Studiorum Mursae Iosephi Georgii',0,4838),(930,'Universitas Studiorum Polensis Georgii Dobrila',0,4838),(931,'Universitas Studiorum Ragusina',0,4838),(932,'Universitas Studiorum Spalatensis',0,4838),(933,'Universitas Studiorum Zagrabiensis',0,4838),(934,'Universitas Studiorum Budapestinensis a Rolando Eotvos (ELTE)',0,4840),(935,'Universitas Studiorum Debreceniensis',0,4840),(936,'Universitas Studiorum Pannonica Vesprimiensis',0,4840),(937,'Universitas Studiorum Quinqueecclesiensis vel Sopianensis (PTE)',0,4840),(938,'Universitas Studiorum Szegediensis',0,4840),(939,'Universitas Studiorum Aboensis (UTU)',0,4837),(940,'Universitas Studiorum Academia Aboensis',0,4837),(941,'Universitas Studiorum ab Aalto',0,4837),(942,'Universitas Studiorum Helsingiensis (UH)',0,4837),(943,'Universitas Studiorum Granivici (vel Jyvaeskylae)',0,4837),(944,'Universitas Studiorum Uloensis',0,4837),(945,'Universitas Studiorum Tamerforsiae (UTA)',0,4837),(946,'Collegium Universitatis Londinensis',0,4831),(947,'Schola Universalis Londinii',0,4831),(948,'Collegium Imperiale Londinense',0,4831),(949,'Universitas Studiorum Cantabrigensis',0,4831),(950,'Universitas Studiorum Bristoliensis [Bristollensis)',0,4831),(951,'Universitas Studiorum Dunelmensis',0,4831),(952,'Universitas Studiorum Ledesiensis',0,4831),(953,'Universitas Studiorum Londinensis c.n. Urbs',0,4831),(954,'Universitas Studiorum Mancuniensis',0,4831),(955,'Universitas Studiorum Nottingamiensis',0,4831),(956,'Universitas Studiorum Oxoniensis',0,4831),(957,'Universitas Studiorum Warwicensis',0,4831),(958,'Universitas Studiorum Autonoma Barcinonensis',0,4833),(959,'Universitas Studiorum Autonoma Matriti',0,4833),(960,'Universitas Studiorum Barcinonensis',0,4833),(961,'Universitas Studiorum Burgensis',0,4833),(962,'Universitas Studiorum Caesaraugustanae',0,4833),(963,'Universitas Studiorum Caroli Tertii Matriti',0,4833),(964,'Universitas Studiorum Cantabriae',0,4833),(965,'Universitas Studiorum Complutensis Matriti',0,4833),(966,'Universitas Studiorum Cordubensis',0,4833),(967,'Universitas Studiorum Granatensis',0,4833),(968,'Universitas Studiorum Gaditana',0,4833),(969,'Universitas Studiorum Giennensis',0,4833),(970,'Universitas Studiorum Legionensis',0,4833),(971,'Universitas Studiorum Lucentina',0,4833),(972,'Universitas Studiorum Malacitana',0,4833),(973,'Universitas Studiorum Murciana',0,4833),(974,'Universitas Studiorum Navarrensis Catholica',0,4833),(975,'Universitas Studiorum Navarrensis Publica',0,4833),(976,'Universitas Studiorum Onubensis',0,4833),(977,'Universitas Studiorum Ovetensis',0,4833),(978,'Universitas Studiorum a Paulo Olavide Hispalensis',0,4833),(979,'Universitas Studiorum Valentina',0,4833),(980,'Universitas Studiorum Hispalensis',0,4833),(981,'Universitas Studiorum Salmanticensis',0,4833),(982,'Pontificia Universitas studiorum Comillensis Matriti',0,4833),(983,'Universitas Studiorum Bielostokiensis',0,4832),(984,'Universitas Studiorum Casimiri Magni (UKW)',0,4832),(985,'Universitas Studiorum Cardinalis Stephani Wyszynski Varsoviae',0,4832),(986,'Universitas Studiorum Catholica Lublinensis Ioannis Pauli II (KUL)',0,4832),(987,'Universitas Studiorum Gedanensis',0,4832),(988,'Universitas Studiorum Iagellonica Cracoviensis',0,4832),(989,'Universitas Studiorum Ioannis Cochanovii Kielcensis',0,4832),(990,'Universitas Studiorum Lodziensis',0,4832),(991,'Universitas Studiorum Mickiewicziana Posnaniensis (UAM)',0,4832),(992,'Universitas Studiorum Nicolai Copernici (UNC)',0,4832),(993,'Universitas Studiorum Opoliensis',0,4832),(994,'Universitas Studiorum Posdamiensis',0,4832),(995,'Universitas Studiorum Silesiensis Catoviciae (US)',0,4832),(996,'Universitas Studiorum Stettinensis',0,4832),(997,'Universitas Studiorum Varmiensis-Masuriensis',0,4832),(998,'Universitas Studiorum Varsoviensis',0,4832),(999,'Universitas Studiorum Viridimontanae a Zielona Gora',0,4832),(1000,'Universitas Studiorum Vratislaviensis',0,4832),(1001,'Collegium Catholicum Vyominae',0,4814),(1002,'Universitas Studiorum Californiana Berkeleiae',0,4814),(1003,'Universitas Studiorum Californiana Angelopoli',0,4814),(1004,'Universitas Studiorum Columbiae Novi Eboraci',0,4814),(1005,'Universitas Studiorum Cornelliana Ithacae',0,4814),(1006,'Universitas Studiorum Dickinsoniensis',0,4814),(1007,'Universitas Studiorum Dukiana (Duke Univ.)',0,4814),(1008,'Universitas Studiorum Floridiana',0,4814),(1009,'Universitas Studiorum Harvardiensis',0,4814),(1010,'Universitas Studiorum Kentukiana',0,4814),(1011,'Universitas Studiorum Massachusetana Bostoniae',0,4814),(1012,'Universitas Studiorum Michiganiae',0,4814),(1013,'Universitas Studiorum Occidentalis Septentrionalis Illinoesiana  (Evanstoniae)',0,4814),(1014,'Universitas Studiorum Occidentalis Septentrionalis Minnesotana  (Paulopoli)',0,4814),(1015,'Universitas Studiorum Occidentalis Septentrionalis Vasintoniana  (Kirklandiae)',0,4814),(1016,'Universitas Studiorum Principitoniensis',0,4814),(1017,'Universitas Studiorum Vasintoniae Seattli',0,4814),(1018,'Universitas Studiorum Vasintoniana Ludovicopoli',0,4814),(1019,'Universitas Studiorum Vasintoniae Occidentalis',0,4814),(1020,'Universitas Studiorum Yalensis Novo Portu',0,4814),(1021,'Universitas Studiorum Alberto-Ludoviciana Friburgensis',0,4829),(1022,'Universitas Studiorum Constantiae',0,4829),(1023,'Universitas Studiorum Eberhardina Carolina Tuebingensis',0,4829),(1024,'Universitas Studiorum Goetheana Francofurtensis',0,4829),(1025,'Universitas Studiorum Schilleriana Ienensis',0,4829),(1026,'Universitas Studiorum Gutembergiana Mogontiacensis',0,4829),(1027,'Universitas Studiorum Philippea Marburgensis',0,4829),(1028,'Universitas Studiorum Regiae Georgiae Augustae Gottingensis',0,4829),(1029,'Universitas Studiorum Rostochiensis',0,4829),(1030,'Universitas Studiorum Ruperto Carola Heidelbergensis',0,4829),(1031,'Universitas Studiorum Lipsiensis',0,4829),(1032,'Universitas Studiorum Ludovico-Maximilianea Monacensis',0,4829),(1033,'Universitas Studiorum Libera Berolinensis',0,4829),(1034,'Universitas Studiorum Humboldtiana Berolinensis',0,4829),(1035,'Pontificia Universitas Studiorum Catholica Fluminis Ianuarii (PUC / RJ)',0,4871),(1036,'Pontificia Universitas Studiorum Catholica Portus Alacris (PUC / POA)',0,4871),(1037,'Pontificia Universitas Studiorum Catholica Paulopolis (PUC - SP)',0,4871),(1038,'Universitas Studiorum Civitatis Campestris (Unicamp)',0,4871),(1039,'Universitas Studiorum Civitatis Paulinae ab Iulio Mesquita Filio (UNESP)',0,4871),(1040,'Universitas Studiorum Foederata Densae Silvae (UFMT)',0,4871),(1041,'Universitas Studiorum Foederata Densae Silvae Australis (UFMS)',0,4871),(1042,'Universitas Studiorum Foederata Fodinarum Generalium (UFMG)',0,4871),(1043,'Universitas Studiorum Brasiliopolis (UnB)',0,4871),(1044,'Universitas Studiorum Foederata Cearensis (UFC)',0,4871),(1045,'Universitas Studiorum Foederata Fluminis Ianuarii (UFRJ)',0,4871),(1046,'Universitas Studiorum Foederata Fluminis Magni Meridiei (UFRGS)',0,4871),(1047,'Universitas Studiorum Paulina (USP)',0,4871),(1048,'Universitas Studiorum Foederata Paulina (UNIFESP)',0,4871),(1049,'Universitas Studiorum Foederata Pernambucensis (UFPE)',0,4871),(1050,'Universitas Studiorum Foederata Sanctae Mariae (UFSM)',0,4871),(1051,'Universitas Studiorum Foederata Sini (UFBA-Bahia)',0,4871),(1052,'Universitas Studiorum Foederata Spiritus Sancti (UFES)',0,4871);
/*!40000 ALTER TABLE `universities` ENABLE KEYS */;
UNLOCK TABLES;
/*!40103 SET TIME_ZONE=@OLD_TIME_ZONE */;

/*!40101 SET SQL_MODE=@OLD_SQL_MODE */;
/*!40014 SET FOREIGN_KEY_CHECKS=@OLD_FOREIGN_KEY_CHECKS */;
/*!40014 SET UNIQUE_CHECKS=@OLD_UNIQUE_CHECKS */;
/*!40101 SET CHARACTER_SET_CLIENT=@OLD_CHARACTER_SET_CLIENT */;
/*!40101 SET CHARACTER_SET_RESULTS=@OLD_CHARACTER_SET_RESULTS */;
/*!40101 SET COLLATION_CONNECTION=@OLD_COLLATION_CONNECTION */;
/*!40111 SET SQL_NOTES=@OLD_SQL_NOTES */;

-- Dump completed on 2021-10-06 21:15:50
