-- MySQL dump 10.13  Distrib 5.5.38, for debian-linux-gnu (x86_64)
--
-- Host: localhost    Database: latincensus
-- ------------------------------------------------------
-- Server version	5.5.38-0ubuntu0.14.04.1

/*!40101 SET @OLD_CHARACTER_SET_CLIENT=@@CHARACTER_SET_CLIENT */;
/*!40101 SET @OLD_CHARACTER_SET_RESULTS=@@CHARACTER_SET_RESULTS */;
/*!40101 SET @OLD_COLLATION_CONNECTION=@@COLLATION_CONNECTION */;
/*!40101 SET NAMES utf8 */;
/*!40103 SET @OLD_TIME_ZONE=@@TIME_ZONE */;
/*!40103 SET TIME_ZONE='+00:00' */;
/*!40014 SET @OLD_UNIQUE_CHECKS=@@UNIQUE_CHECKS, UNIQUE_CHECKS=0 */;
/*!40014 SET @OLD_FOREIGN_KEY_CHECKS=@@FOREIGN_KEY_CHECKS, FOREIGN_KEY_CHECKS=0 */;
/*!40101 SET @OLD_SQL_MODE=@@SQL_MODE, SQL_MODE='NO_AUTO_VALUE_ON_ZERO' */;
/*!40111 SET @OLD_SQL_NOTES=@@SQL_NOTES, SQL_NOTES=0 */;

--
-- Table structure for table `cities`
--

DROP TABLE IF EXISTS `cities`;
/*!40101 SET @saved_cs_client     = @@character_set_client */;
/*!40101 SET character_set_client = utf8 */;
CREATE TABLE `cities` (
  `id` int(11) NOT NULL AUTO_INCREMENT,
  `name` varchar(128) NOT NULL,
  `country_id` int(11) DEFAULT NULL,
  PRIMARY KEY (`id`),
  KEY `fk_countries` (`country_id`),
  CONSTRAINT `cities_ibfk_1` FOREIGN KEY (`country_id`) REFERENCES `countries` (`id`) ON DELETE NO ACTION ON UPDATE CASCADE
) ENGINE=InnoDB AUTO_INCREMENT=36920 DEFAULT CHARSET=latin1;
/*!40101 SET character_set_client = @saved_cs_client */;

--
-- Dumping data for table `cities`
--

LOCK TABLES `cities` WRITE;
/*!40000 ALTER TABLE `cities` DISABLE KEYS */;
INSERT INTO `cities` VALUES (35704,'Pontipoli',4809),(35705,'Belizopoli',4816),(35706,'Belmopani sive Belmopanae',4816),(35707,'Bonifatiopoli',4810),(35708,'Burlintoniae',4810),(35709,'Calgariae',4810),(35710,'Camlupsae',4810),(35711,'Carolinopoli',4810),(35712,'Edmundopoli',4810),(35713,'Gravelburgi',4810),(35714,'Iarmuthi Canadae',4810),(35715,'Hamiltoniae',4810),(35716,'Marianopoli vel Monte Regali',4810),(35717,'Maclennani',4810),(35718,'Nelsoniae',4810),(35719,'Ottavae',4810),(35720,'Paulopoli Canadae',4810),(35721,'Petroburgi Canadae',4810),(35722,'Quebeci',4810),(35723,'Reginae',4810),(35724,'Regioduni vel Regiopoli',4810),(35725,'Sarniae',4810),(35726,'Sascatunae',4810),(35727,'Saviniganiae',4810),(35728,'Serbruki',4810),(35729,'Toronti',4810),(35730,'Vancuverii',4810),(35731,'Venustopoli',4810),(35732,'Victoriae',4810),(35733,'Vinnipegae',4810),(35734,'Albani Novi Eboraci',4814),(35735,'Alboquercus Novi Mexici',4814),(35736,'Alamogordi Novi Mexici',4814),(35737,'Alti Pali Californiae',4814),(35738,'Ancorariae Alascae',4814),(35739,'Angelopoli Californiae',4814),(35740,'Antoniopoli Texiae',4814),(35741,'Aquis Albis Vasintoniae',4814),(35742,'Arcifoliis Californiae',4814),(35743,'Arlintoniae Massachusetae',4814),(35744,'Arlintoniae Texiae',4814),(35745,'Arlintoniae Vasintoniae',4814),(35746,'Arlintoniae Virginiae',4814),(35747,'Athenis Georgiae',4814),(35748,'Atlantae Georgiae',4814),(35749,'Aurorae Colorati',4814),(35750,'Aurorae Illinoesiae',4814),(35751,'Austinopoli Texiae',4814),(35752,'Baltimorae vel Baltimori Terrae Mariae',4814),(35753,'Barbaropoli Californiae',4814),(35754,'Bellinghamiae Vasintoniae',4814),(35755,'Berkeleiae Californiae',4814),(35756,'Bernardinopoli Californiae',4814),(35757,'Bostoniae Massachusetae',4814),(35758,'Brunsvigae Ohii',4814),(35759,'Buffali Novi Eboraci',4814),(35760,'Calamazi Michiganiae',4814),(35761,'Campi Amoeni Californiae',4814),(35762,'Campifonte Illinoesiae',4814),(35763,'Campifonte Massachusetae',4814),(35764,'Campifonte Missuriae',4814),(35765,'Cansiopoli Missuriae',4814),(35766,'Carolopoli Carolinae Meridianae',4814),(35767,'Carolopoli Virginiae Occidentalis',4814),(35768,'Carsoniae Nivatae',4814),(35769,'Casperii Vyominae',4814),(35770,'Cincinnatae Ohii',4814),(35771,'Clevelandiae Ohii',4814),(35772,'Columbiae Carolinae Meridianae',4814),(35773,'Columbopoli Georgiae',4814),(35774,'Columbopoli Ohii',4814),(35775,'Dallasii Texiae',4814),(35776,'Denverii Colorati',4814),(35777,'Detroiti Michiganiae',4814),(35778,'Didacopoli Californiae',4814),(35779,'Dubris Delavariae',4814),(35780,'Dunelmi Carolinae Septentrionalis',4814),(35781,'Evanstoniae Illinoesiae',4814),(35782,'Faerbancsii Alascae',4814),(35783,'Fidepoli Novi Mexici',4814),(35784,'Franciscopoli Californiae',4814),(35785,'Francofurti Kentukiae',4814),(35786,'Grinsburgi Pensilvaniae',4814),(35787,'Hardifordiae Connecticutae',4814),(35788,'Hardifordiae Indianae',4814),(35789,'Harlingae Texiae',4814),(35790,'Henricopoli Pensilvaniae',4814),(35791,'Honoluli Insularum Havaianarum',4814),(35792,'Hustoniae Texiae',4814),(35793,'Iacsoniae Missisippiae',4814),(35794,'Ianctoniae Dacotae Meridianae',4814),(35795,'Ieffersoniae Missuriae',4814),(35796,'Indianopoli Indianae',4814),(35797,'Iosephopoli Californiae',4814),(35798,'Iunelli Alascae',4814),(35799,'Kirklandiae Vasintoniae',4814),(35800,'Lacus Salsi Utae',4814),(35801,'Lafaietti Californiae',4814),(35802,'Lafaietti Colorati',4814),(35803,'Lafaietti Georgiae',4814),(35804,'Lafaietti Indianae',4814),(35805,'Lafaietti Ludovicianae',4814),(35806,'Lafaietti Oregoniae',4814),(35807,'Lexintoniae Carolinae Meridianae',4814),(35808,'Lexintoniae Carolinae Septentrionalis',4814),(35809,'Lexintoniae Kentukiae',4814),(35810,'Lexintoniae Massachusetae',4814),(35811,'Lexintoniae Virginiae',4814),(35812,'Lincolniae Oregoniae',4814),(35813,'Ludovicopoli Kentukiae',4814),(35814,'Ludovicopoli Missuriae',4814),(35815,'Madisoniae Visconsiniae',4814),(35816,'Mancunii vel Mancestriae Novae Hantoniae',4814),(35817,'Memphide Tennesiae',4814),(35818,'Miamiae Floridae',4814),(35819,'Milvaukiae Oregoniae',4814),(35820,'Milvaukiae Visconsiniae',4814),(35821,'Minneapoli Minnesotae',4814),(35822,'Monachopoli Iovae',4814),(35823,'Monicopoli Californiae',4814),(35824,'Monte Gunderici Alabamae',4814),(35825,'Nasburgi Tennesiae',4814),(35826,'Neoportu vel Novo Portu Connecticutae',4814),(35827,'Novae Aureliae Ludovicianae',4814),(35828,'Novarci Novae Caesareae',4814),(35829,'Novi Eboraci',4814),(35830,'Oclahomopoli Oclahomae',4814),(35831,'Olympiae Vasintoniae',4814),(35832,'Omahae Nebrascae',4814),(35833,'Orae Longae Californiae',4814),(35834,'Orae Palmariae Floridae',4814),(35835,'Paulopoli Minnesotae',4814),(35836,'Philadelphiae Pensilvaniae',4814),(35837,'Phoenice Arizonae',4814),(35838,'Portlandiae Cenomannicae',4814),(35839,'Portlandiae Oregoniae',4814),(35840,'Principitoniae Novae Caesareae',4814),(35841,'Providentiae Rhodensis Insulae',4814),(35842,'Quercupoli Californiae',4814),(35843,'Ricmondiae Californiae',4814),(35844,'Ricmondiae Illinoesiae',4814),(35845,'Ricmondiae Indianae',4814),(35846,'Ricmondiae Michiganiae',4814),(35847,'Ricmondiae Missuriae',4814),(35848,'Ricmondiae Kentukiae',4814),(35849,'Ricmondiae Texiae',4814),(35850,'Ricmondiae Virginiae',4814),(35851,'Reni Nivatae',4814),(35852,'Rosenbergae Texiae',4814),(35853,'Rubrobasti Ludovicianae',4814),(35854,'Sacramenti Californiae',4814),(35855,'Salinis Californiae',4814),(35856,'Saratogae Californiae',4814),(35857,'Seattli Vasintoniae',4814),(35858,'Sicagi Illinoesiae',4814),(35859,'Sini Viridis Visconsiniae',4814),(35860,'Spocani Vasintoniae',4814),(35861,'Syracusis Novoeboracensis',4814),(35862,'Tallahassiae Floridae',4814),(35863,'Tampae Floridae',4814),(35864,'Toleti Ohii',4814),(35865,'Tucsoniae Arizonae',4814),(35866,'Tulsae Oclahomae',4814),(35867,'Vasintoniae Columbiae',4814),(35868,'Vegis vel Campis Nivatae',4814),(35869,'Vigorniae Massachusetae',4814),(35870,'Vilingae Virginiae Occidentalis',4814),(35871,'Vinonae Minnesotae',4814),(35872,'Vitzitae Cansiae',4814),(35873,'Vortintoniae Ohii',4814),(35874,'Xylopoli Idahi',4814),(35875,'Iosephopoli vel Sancti Iosephi',4812),(35876,'Habanae',4820),(35877,'Matanzis',4820),(35878,'Guatimalopoli',4822),(35879,'Marcopoli Guatimalae',4822),(35880,'Zacapae',4822),(35881,'Comaiaguae',4817),(35882,'Petropoli Sulensi',4817),(35883,'Tegucigalpae',4817),(35884,'Regiopoli',4821),(35885,'Acapulci',4811),(35886,'Angelopoli',4811),(35887,'Anticariae Mexici',4811),(35888,'Aquis Calidis Mexici',4811),(35889,'Celaiae',4811),(35890,'Colimae',4811),(35891,'Guadalaxarae',4811),(35892,'Guanajuati',4811),(35893,'Legione',4811),(35894,'Ludovicopoli Potosiensi',4811),(35895,'Mexicaliae',4811),(35896,'Mexicopoli vel in urbe Mexici',4811),(35897,'Oceli Mexici',4811),(35898,'Queretari',4811),(35899,'Regimontii vel Monte Regali',4811),(35900,'Tampici',4811),(35901,'Tecamaci',4811),(35902,'Tehuacaniae',4811),(35903,'Tehuantepeci',4811),(35904,'Tolucae',4811),(35905,'Tulae',4811),(35906,'Tulancingi',4811),(35907,'Esteliae',4813),(35908,'Managuae',4813),(35909,'Panamae sive in urbe Panamense',4819),(35910,'Guayamae',4815),(35911,'Ioannipoli Portus Divitis',4815),(35912,'Salinis Portus Divitis',4815),(35913,'Acaiutlae',4818),(35914,'Anopoli',4818),(35915,'Michaelopoli',4818),(35916,'Soteropoli',4818),(35917,'Pristinae',4851),(35918,'Dyrrachii vel Dyrrhachii vel Epidamni',4847),(35919,'Elbasan',4847),(35920,'Scodrae',4847),(35921,'Tiranae',4847),(35922,'Aeniponte vel Oeniponte',4842),(35923,'Bludentiae',4842),(35924,'Campililii',4842),(35925,'Campitempli',4842),(35926,'Caprunae',4842),(35927,'Clagenfurti',4842),(35928,'Claustroneoburgi',4842),(35929,'Cremisa ad Danuvium',4842),(35930,'Frisaci',4842),(35931,'Gradecii',4842),(35932,'Haedicolle',4842),(35933,'Hippolytopoli',4842),(35934,'Ipsae',4842),(35935,'Iudaeopoli',4842),(35936,'Laxenburgi',4842),(35937,'Lentiae',4842),(35938,'Leobinae',4842),(35939,'Leoncii',4842),(35940,'Lustenaviae',4842),(35941,'Muriponte vel Ponte ad Muram',4842),(35942,'Novacellae',4842),(35943,'Ossiaci',4842),(35944,'Ovilavae',4842),(35945,'Salisburgi',4842),(35946,'Seccoviae',4842),(35947,'Sideropoli',4842),(35948,'Svecati',4842),(35949,'Villaci vel Villae ad Lacum',4842),(35950,'Vindobonae',4842),(35951,'Volfgangopoli',4842),(35952,'Aiblingae',4839),(35953,'Aldensali',4839),(35954,'Amstelodami',4839),(35955,'Daventriae',4839),(35956,'Delphis sive Delfi',4839),(35957,'Dordraci',4839),(35958,'Elburgi',4839),(35959,'Franecherae',4839),(35960,'Gorcomii',4839),(35961,'Groningae',4839),(35962,'Gusii',4839),(35963,'Hagae Comitis',4839),(35964,'Harlemi',4839),(35965,'Harlingae',4839),(35966,'Hilversumi',4839),(35967,'Leovardiae',4839),(35968,'Lugduni Batavorum',4839),(35969,'Roterodami',4839),(35970,'Slusae',4839),(35971,'Svollis sive Zvollis',4839),(35972,'Traiecti ad Mosam',4839),(35973,'Traiecti ad Rhenum',4839),(35974,'Zutphaniae',4839),(35975,'Aldenardae',4846),(35976,'Alosti',4846),(35977,'Antverpiae',4846),(35978,'Atuatucae Tungrorum',4846),(35979,'Brugae sive Brugis',4846),(35980,'Bruxellis',4846),(35981,'Caroloregii',4846),(35982,'Caturrigi',4846),(35983,'Cortraci',4846),(35984,'Diestae',4846),(35985,'Dilbecae',4846),(35986,'Gandavi',4846),(35987,'Hasseleti',4846),(35988,'Iprae',4846),(35989,'Leodii',4846),(35990,'Lovanii',4846),(35991,'Meduanti',4846),(35992,'Namurci',4846),(35993,'Ostendae',4846),(35994,'Oppido Sancti Trudonis',4846),(35995,'Teneramundae',4846),(35996,'Tornaci',4846),(35997,'Turnholti',4846),(35998,'Brunae',4826),(35999,'Olomucii',4826),(36000,'Ostravae',4826),(36001,'Pilsnae',4826),(36002,'Pragae',4826),(36003,'Tepliciae',4826),(36004,'Banialucae',4845),(36005,'Seraii',4845),(36006,'Alburniae',4831),(36007,'Alfordiae',4831),(36008,'Arundelliae',4831),(36009,'Barmuthi',4831),(36010,'Bedfordiae',4831),(36011,'Beverlaci',4831),(36012,'Brictelmostoniae sive Brichtelmestunae',4831),(36013,'Birmingamiae',4831),(36014,'Bostoniae',4831),(36015,'Bradefordiae',4831),(36016,'Bristolii',4831),(36017,'Camuloduni',4831),(36018,'Cantabrigiae',4831),(36019,'Cantuariae',4831),(36020,'Crambi',4831),(36021,'Dani',4831),(36022,'Dubris vel Dovertii',4831),(36023,'Dunelmi',4831),(36024,'Durnovariae sive Dorcestriae',4831),(36025,'Eboraci',4831),(36026,'Etoniae',4831),(36027,'Grenovici',4831),(36028,'Iarmuthi',4831),(36029,'Kendaliae',4831),(36030,'Lancastriae',4831),(36031,'Ledesiae',4831),(36032,'Lemintoniae',4831),(36033,'Licestriae',4831),(36034,'Licfeldiae',4831),(36035,'Lindi',4831),(36036,'Liverpulae sive Liverpoli',4831),(36037,'Londinii',4831),(36038,'Mancunii',4831),(36039,'Northantoniae',4831),(36040,'Nortoniae',4831),(36041,'Norvici',4831),(36042,'Nottingamiae',4831),(36043,'Novi Castri super Tynam',4831),(36044,'Petroburgi',4831),(36045,'Plymuti',4831),(36046,'Radingae',4831),(36047,'Salfordiae',4831),(36048,'Salopiae',4831),(36049,'Seffeldiae',4831),(36050,'Sorbioduni',4831),(36051,'Oxoniae',4831),(36052,'Verulamii',4831),(36053,'Vindesorii',4831),(36054,'Vigorniae',4831),(36055,'Philippopoli',4856),(36056,'Odessi',4856),(36057,'Sophiae vel Serdicae',4856),(36058,'Cardiffae',4859),(36059,'Swanseae',4859),(36060,'Castuae',4838),(36061,'Iadere vel Iaderae',4838),(36062,'Flumine vel Tharsaticae vel Vitopoli',4838),(36063,'Mursae',4838),(36064,'Pietate Iulia',4838),(36065,'Ragusii',4838),(36066,'Ruginii',4838),(36067,'Sebenici',4838),(36068,'Spalati',4838),(36069,'Varasdini',4838),(36070,'Zagrabiae',4838),(36071,'Bucarestiis',4834),(36072,'Lugosii',4834),(36073,'Rothaceni',4834),(36074,'Satmarii',4834),(36075,'Aarhusii',4830),(36076,'Alburgi',4830),(36077,'Hafniae',4830),(36078,'Viburgi',4830),(36079,'Dorpati',4861),(36080,'Tallini',4861),(36081,'Aboae vel Aboiae',4837),(36082,'Esboae',4837),(36083,'Granivici vel Jyvaeskylae',4837),(36084,'Helsinkii',4837),(36085,'Uloae',4837),(36086,'Tamerforsiae',4837),(36087,'Andegavi',4825),(36088,'Aquis Calidis',4825),(36089,'Aquis Sextiis',4825),(36090,'Argentorati',4825),(36091,'Augustoriti Lemovici',4825),(36092,'Aureliae sive Cenabi',4825),(36093,'Autessioduri',4825),(36094,'Avennione',4825),(36095,'Brioci',4825),(36096,'Burdigalae',4825),(36097,'Cabellione',4825),(36098,'Caesaroduni',4825),(36099,'Camaraci vel Cameraci',4825),(36100,'Canois',4825),(36101,'Cluniaci',4825),(36102,'Coliniaci',4825),(36103,'Coniaci',4825),(36104,'Corisopiti vel Civitate Aquilonia',4825),(36105,'Dionysiopoli',4825),(36106,'Divione',4825),(36107,'Fani Iovis',4825),(36108,'Gratianopoli',4825),(36109,'Insulis',4825),(36110,'Iuliobonae',4825),(36111,'Lillerii',4825),(36112,'Lugduni',4825),(36113,'Lutetiae Parisiorum',4825),(36114,'Macloviopoli',4825),(36115,'Matiscone',4825),(36116,'Monoeci',4825),(36117,'Monte Pessulano',4825),(36118,'Massiliae',4825),(36119,'Nanceii',4825),(36120,'Narbonae',4825),(36121,'Nemausi',4825),(36122,'Nemetoduri',4825),(36123,'Nicaeae',4825),(36124,'Niorti',4825),(36125,'Pictavii',4825),(36126,'Quimperlei',4825),(36127,'Quintinopoli',4825),(36128,'Rupellae vel Santonum Portus',4825),(36129,'Sagii',4825),(36130,'Sedani',4825),(36131,'Spinalii',4825),(36132,'Spineti',4825),(36133,'Stephanopoli',4825),(36134,'Tannae',4825),(36135,'Tarbis vel Turbae',4825),(36136,'Telone Martio',4825),(36137,'Tolosae',4825),(36138,'Tutelae',4825),(36139,'Vesontione',4825),(36140,'Vesunnae',4825),(36141,'Vivarii',4825),(36142,'Algoviae vel Algoae',4829),(36143,'Ambergae',4829),(36144,'Aquis Mattiacis',4829),(36145,'Aquisgrani',4829),(36146,'Augustae Treverorum vel Trevirorum vel Treviris',4829),(36147,'Augustae Vindelicorum',4829),(36148,'Aureliae Aquensis',4829),(36149,'Bambergae',4829),(36150,'Berolini',4829),(36151,'Bilefeldiae',4829),(36152,'Bochumi',4829),(36153,'Borbetomagi vel Borbitomagi',4829),(36154,'Brambaci',4829),(36155,'Brandeburgi',4829),(36156,'Bremae',4829),(36157,'Bruxalii',4829),(36158,'Brunsvici',4829),(36159,'Caesareae ad Lutram',4829),(36160,'Carolinoburgi',4829),(36161,'Caroloruhae',4829),(36162,'Castellis',4829),(36163,'Caufburae',4829),(36164,'Coburgi',4829),(36165,'Coloniae Agrippinae',4829),(36166,'Confluentibus',4829),(36167,'Constantiae',4829),(36168,'Copenici',4829),(36169,'Cosfeldiae',4829),(36170,'Crefeldiae',4829),(36171,'Dessaviae',4829),(36172,'Dillingae',4829),(36173,'Divitiae',4829),(36174,'Dresdae',4829),(36175,'Duisburgi',4829),(36176,'Dusseldorpii',4829),(36177,'Embricae',4829),(36178,'Erbaci',4829),(36179,'Erdingae',4829),(36180,'Erfordiae',4829),(36181,'Erlangae',4829),(36182,'Eslingae',4829),(36183,'Essendiae',4829),(36184,'Fedingae',4829),(36185,'Felbaci',4829),(36186,'Feldhusae',4829),(36187,'Francofurti ad Moenum',4829),(36188,'Francofurti ad Viadrum',4829),(36189,'Friburgi Brisgaudiae vel Brisgavorum',4829),(36190,'Fridericoportu vel Friderici Portu',4829),(36191,'Fuldae',4829),(36192,'Gorlitii',4829),(36193,'Goslariae',4829),(36194,'Gothae',4829),(36195,'Gottingae',4829),(36196,'Gottorpii',4829),(36197,'Guelferbyti',4829),(36198,'Hallae Saxonum',4829),(36199,'Hamburgi',4829),(36200,'Hammonae',4829),(36201,'Hanaviae',4829),(36202,'Hannoverae',4829),(36203,'Harburgi',4829),(36204,'Heidelbergae',4829),(36205,'Helmostadii',4829),(36206,'Herbipoli',4829),(36207,'Hildesiae vel Hildeshemi',4829),(36208,'Ienae',4829),(36209,'Ingolstadii',4829),(36210,'Kiliae',4829),(36211,'Kiloniae',4829),(36212,'Kissingae vel Cussingi',4829),(36213,'Landeshuti',4829),(36214,'Luneburgi',4829),(36215,'Levercusae',4829),(36216,'Limburgi',4829),(36217,'Lindaviae',4829),(36218,'Lingae',4829),(36219,'Linici',4829),(36220,'Lipsiae',4829),(36221,'Lubecae',4829),(36222,'Luppiae',4829),(36223,'Magdeburgi',4829),(36224,'Maguntiae vel Moguntiae vel Mogontiaci',4829),(36225,'Mansfeldiae',4829),(36226,'Manhemii',4829),(36227,'Marburgi',4829),(36228,'Marcoduri',4829),(36229,'Memmingae',4829),(36230,'Monachii vel Monaci Bavarorum',4829),(36231,'Monasterii Vestfalorum',4829),(36232,'Norimbergae',4829),(36233,'Novae Curiae',4829),(36234,'Novesii',4829),(36235,'Novi Monasterii',4829),(36236,'Novobrandenburgi',4829),(36237,'Osnabrugae',4829),(36238,'Ottingae Novae',4829),(36239,'Paderbornae',4829),(36240,'Passaviae',4829),(36241,'Portu Ludovici vel Portu Ludoviciani',4829),(36242,'Portu Villelmiano',4829),(36243,'Ratisbonae',4829),(36244,'Rosenbergae',4829),(36245,'Rostokii',4829),(36246,'Saraviponti',4829),(36247,'Sorvioduri vel Straubingae',4829),(36248,'Spirae vel Noviomagi Nemetum',4829),(36249,'Stralsundae',4829),(36250,'Stutgardiae',4829),(36251,'Susati',4829),(36252,'Tessenii',4829),(36253,'Tubingae',4829),(36254,'Ulmae',4829),(36255,'Verdaviae',4829),(36256,'Veslariae',4829),(36257,'Vimariae',4829),(36258,'Vinianae',4829),(36259,'Vitembergae',4829),(36260,'Zittaviae',4829),(36261,'Zuicaviae',4829),(36262,'Athenis',4836),(36263,'Corcyrae',4836),(36264,'Kalamatae',4836),(36265,'Naupacti',4836),(36266,'Pagasae vel Pagasis',4836),(36267,'Patris',4836),(36268,'Spartis',4836),(36269,'Thessalonicae',4836),(36270,'Acauni vel Agauni',4853),(36271,'Basileae',4853),(36272,'Bernae',4853),(36273,'Beronae',4853),(36274,'Biennae',4853),(36275,'Crucilingae',4853),(36276,'Curvaldiae',4853),(36277,'Davone',4853),(36278,'Friburgi Helvetiorum',4853),(36279,'Gallopoli vel Fani Sancti Galli',4853),(36280,'Genavae, Genevae, Aureliae Allobrogum',4853),(36281,'Guategissi',4853),(36282,'Kyburgi',4853),(36283,'Lausannae',4853),(36284,'Leucae',4853),(36285,'Lucani',4853),(36286,'Lucernae',4853),(36287,'Monte Angelorum',4853),(36288,'Neocomi',4853),(36289,'Novioduni',4853),(36290,'Olitae vel Ultinae',4853),(36291,'Saloduri',4853),(36292,'Sargantiae',4853),(36293,'Scaphusiae',4853),(36294,'Suitiae vel Svitii',4853),(36295,'Tugii',4853),(36296,'Turici vel Tiguri',4853),(36297,'Allalae',4841),(36298,'Armidaliae',4841),(36299,'Belfastiae',4841),(36300,'Cassiliae',4841),(36301,'Clonfertiae',4841),(36302,'Corcagiae',4841),(36303,'Dublini vel Eblanae',4841),(36304,'Galviae',4841),(36305,'Kildariae',4841),(36306,'Kilkeniae',4841),(36307,'Killaloae vel Laoniae',4841),(36308,'Killarneae',4841),(36309,'Kilmorae',4841),(36310,'Kingsaliae',4841),(36311,'Limerici vel Limnivici',4841),(36312,'Manutii',4841),(36313,'Tipperariae',4841),(36314,'Tuami',4841),(36315,'Vaterfordii',4841),(36316,'Abulae',4833),(36317,'Accis vel Acci',4833),(36318,'Albasiti',4833),(36319,'Alboquercu',4833),(36320,'Alfambrae',4833),(36321,'Almeriae vel Almariae',4833),(36322,'Andreopoli vel Blendii',4833),(36323,'Anticariae',4833),(36324,'Arundae',4833),(36325,'Baionae',4833),(36326,'Barbastri',4833),(36327,'Barcinone',4833),(36328,'Burgi',4833),(36329,'Caesaraugustae',4833),(36330,'Calagurri',4833),(36331,'Calciatae',4833),(36332,'Carthagine Nova',4833),(36333,'Cartimae',4833),(36334,'Civitate Regia',4833),(36335,'Concae',4833),(36336,'Compluti',4833),(36337,'Cordubae',4833),(36338,'Coronae vel Caronii',4833),(36339,'Dertosae',4833),(36340,'Emeritae',4833),(36341,'Flaviobrigae vel Bilbai',4833),(36342,'Gadibus',4833),(36343,'Gerundae vel Gironae',4833),(36344,'Gigiae',4833),(36345,'Granatae',4833),(36346,'Hispali',4833),(36347,'Ilerdae vel Leridae',4833),(36348,'Ipagri',4833),(36349,'Iuliobrigae vel Lucronii',4833),(36350,'Lucenti',4833),(36351,'Luci',4833),(36352,'Malacae',4833),(36353,'Matriti',4833),(36354,'Mirandae',4833),(36355,'Oceli',4833),(36356,'Onobae',4833),(36357,'Oscae',4833),(36358,'Pace Augusta',4833),(36359,'Palmopoli',4833),(36360,'Podii Ceritani',4833),(36361,'Pompelonae',4833),(36362,'Salmanticae',4833),(36363,'Sebastianapoli',4833),(36364,'Segoviae',4833),(36365,'Seguntia',4833),(36366,'Septae vel Septem Fratribus',4833),(36367,'Stauropoli Ninguariae',4833),(36368,'Toleti',4833),(36369,'Vallisoleti vel Valdoliti',4833),(36370,'Valentiae',4833),(36371,'Victoriae',4833),(36372,'Xeri vel Astae vel Hastae',4833),(36373,'Albae Regalis',4840),(36374,'Arabonae vel Arrabonae vel Iaurini',4840),(36375,'Budapestini',4840),(36376,'Colociae',4840),(36377,'Comorrae',4840),(36378,'Debrecini',4840),(36379,'Sabariae',4840),(36380,'Scarabantiae vel Scarbantiae',4840),(36381,'Sopianis vel Quinque Ecclesiis',4840),(36382,'Strigonii',4840),(36383,'Szegedini vel Partisci',4840),(36384,'Tokaii',4840),(36385,'Vesprimii',4840),(36386,'Reykiavicae vel Reykiaviki',4857),(36387,'Abellini',4849),(36388,'Aesi',4849),(36389,'Agrigenti',4849),(36390,'Alaxii',4849),(36391,'Algarii',4849),(36392,'Amalfiae',4849),(36393,'Anconae',4849),(36394,'Antii',4849),(36395,'Aprutii',4849),(36396,'Ariciae',4849),(36397,'Arimini',4849),(36398,'Arretii',4849),(36399,'Asisii',4849),(36400,'Augustae Taurinorum',4849),(36401,'Baruli',4849),(36402,'Bergomi',4849),(36403,'Bononiae',4849),(36404,'Brixiae vel Bresciae',4849),(36405,'Brundisii',4849),(36406,'Caesenae',4849),(36407,'Camerini',4849),(36408,'Campli',4849),(36409,'Catinae vel Cataniae',4849),(36410,'Centumcellis',4849),(36411,'Cortonae',4849),(36412,'Cremae',4849),(36413,'Crotone',4849),(36414,'Dertonae',4849),(36415,'Diani',4849),(36416,'Drepani',4849),(36417,'Fani',4849),(36418,'Ferrariae',4849),(36419,'Fidentiae',4849),(36420,'Florentiae',4849),(36421,'Fossae Traianae',4849),(36422,'Empoliae',4849),(36423,'Genuae',4849),(36424,'Grumenti',4849),(36425,'Hastae',4849),(36426,'Hostiliae',4849),(36427,'Iguvii',4849),(36428,'Luceriae',4849),(36429,'Lupiis vel Lupiae',4849),(36430,'Maceratae',4849),(36431,'Mantuae',4849),(36432,'Mediolani',4849),(36433,'Messanae',4849),(36434,'Mileti',4849),(36435,'Mirandulae',4849),(36436,'Montellae',4849),(36437,'Mutinae',4849),(36438,'Neapoli',4849),(36439,'Ostiae vel Ostiis',4849),(36440,'Panormi',4849),(36441,'Parmae',4849),(36442,'Passani',4849),(36443,'Patavii',4849),(36444,'Perusiae',4849),(36445,'Pisauri',4849),(36446,'Pisis',4849),(36447,'Placentiae',4849),(36448,'Ravennae',4849),(36449,'Romae',4849),(36450,'Remopoli',4849),(36451,'Roboreti',4849),(36452,'Sacceri',4849),(36453,'Salerni',4849),(36454,'Salodii',4849),(36455,'Sapri',4849),(36456,'Saviliani',4849),(36457,'Saxi Ferrati',4849),(36458,'Signiae',4849),(36459,'Sondrii vel Sundrii',4849),(36460,'Syracusis',4849),(36461,'Tarenti',4849),(36462,'Tergesti',4849),(36463,'Tibure',4849),(36464,'Tridenti',4849),(36465,'Oppido Tusculo Inferiore',4849),(36466,'Uxenti',4849),(36467,'Verbaniae',4849),(36468,'Veronae',4849),(36469,'Vicetiae vel Vicentiae',4849),(36470,'Victoriae Venetorum',4849),(36471,'Viterbii',4849),(36472,'Viverone',4849),(36473,'Iurmalae',4844),(36474,'Rigae',4844),(36475,'Caunis',4827),(36476,'Claipedae',4827),(36477,'Vilcavisci',4827),(36478,'Vilnae',4827),(36479,'Angrae',4850),(36480,'Bracarae Augustae',4850),(36481,'Brigantiae',4850),(36482,'Conimbrigae',4850),(36483,'Eborae',4850),(36484,'Leiriae',4850),(36485,'Olisipone',4850),(36486,'Portu Cale vel Portu Calensi',4850),(36487,'Luxemburgi',4860),(36488,'Scopiae vel Scupis',4824),(36489,'Chisinoviae',4835),(36490,'Bergis vel Bergae',4828),(36491,'Kirkenesi',4828),(36492,'Navici',4828),(36493,'Nidrosiae',4828),(36494,'Osloae',4828),(36495,'Bielostokii',4832),(36496,'Bydgostiae',4832),(36497,'Casimiriae ad Vistulam',4832),(36498,'Catoviciae',4832),(36499,'Cracoviae',4832),(36500,'Gedani',4832),(36501,'Gorlitii',4832),(36502,'Iaroslaviae',4832),(36503,'Kielcii',4832),(36504,'Kirlovii',4832),(36505,'Lodziae',4832),(36506,'Lomzae',4832),(36507,'Lublini',4832),(36508,'Opolii',4832),(36509,'Posnaniae',4832),(36510,'Stargardiae',4832),(36511,'Stettini',4832),(36512,'Stolpae',4832),(36513,'Tarnoviae',4832),(36514,'Torunii',4832),(36515,'Tzenstochoviae',4832),(36516,'Varsaviae vel Varsoviae',4832),(36517,'Vratislaviae',4832),(36518,'Grodnae',4848),(36519,'Homel',4848),(36520,'Minsci',4848),(36521,'Mohiloviae',4848),(36522,'Vitepsci',4848),(36523,'Aberdoniae',4854),(36524,'Andreopoli',4854),(36525,'Dunkeldae',4854),(36526,'Edinburgi',4854),(36527,'Glasguae',4854),(36528,'Perthi Scotiae',4854),(36529,'Sterlingae',4854),(36530,'Taoduni',4854),(36531,'Belgradi sive Singiduni',4852),(36532,'Sirmii',4852),(36533,'Suboticae',4852),(36534,'Cassoviae',4858),(36535,'Leuconii',4858),(36536,'Neosolii',4858),(36537,'Nitriae',4858),(36538,'Popradii',4858),(36539,'Posonii sive Bratislavae',4858),(36540,'Rosenbergae',4858),(36541,'Rosnaviae',4858),(36542,'Solnae',4858),(36543,'Tirnavae',4858),(36544,'Villae Novae',4858),(36545,'Aemonae vel Haemonae vel Labaci',4855),(36546,'Carnii',4855),(36547,'Iustinopoli',4855),(36548,'Marburgi ad Dravam',4855),(36549,'Novae Goritiae',4855),(36550,'Poetovii',4855),(36551,'Christianostadii',4843),(36552,'Copingae',4843),(36553,'Halmostadii',4843),(36554,'Holmiae',4843),(36555,'Kirunae',4843),(36556,'Lincopiae',4843),(36557,'Lindesbergae',4843),(36558,'Malmogiae',4843),(36559,'In urbe Telga Australi',4843),(36560,'Upsalae',4843),(36561,'Carcoviae vel Chracoviae',4823),(36562,'Kioviae',4823),(36563,'Muncasii',4823),(36564,'Odessae',4823),(36565,'Ternopoli',4823),(36566,'Zytomirii',4823),(36567,'Concae Aequatoriae',4867),(36568,'Guarandae',4867),(36569,'Guayaquilii',4867),(36570,'Ibarrae',4867),(36571,'Loiae',4867),(36572,'Quitii',4867),(36573,'Rivobambae',4867),(36574,'Salinis Aequatoriae',4867),(36575,'Smaragdinae Aequatoriae',4867),(36576,'Tulcaniae',4867),(36577,'Argentopoli',4864),(36578,'Bonaeropoli vel Bonis Auris',4864),(36579,'Catamarcae',4864),(36580,'Cordubae Argentinae',4864),(36581,'Fidepoli Argentinae',4864),(36582,'Iuiuyae',4864),(36583,'Ludovicopoli',4864),(36584,'Mari Platensi',4864),(36585,'Martinopoli',4864),(36586,'Mendozae',4864),(36587,'Neuqueni',4864),(36588,'Raphaeliae',4864),(36589,'Rausoniae',4864),(36590,'Rivadaviae',4864),(36591,'Rivi Quarti',4864),(36592,'Rosarii',4864),(36593,'Sini Albi',4864),(36594,'Tucumaniae',4864),(36595,'Cotzabambae',4869),(36596,'Pacipoli',4869),(36597,'Potosiae',4869),(36598,'Stauropoli',4869),(36599,'Sucrepoli',4869),(36600,'Angelopoli Brasiliae',4871),(36601,'Aracaii',4871),(36602,'Barrae',4871),(36603,'Bellohorizonte',4871),(36604,'Belopoli',4871),(36605,'Bethleem Brasiliae',4871),(36606,'Botucati',4871),(36607,'Brasiliopoli',4871),(36608,'Campestris',4871),(36609,'Caratingae',4871),(36610,'Caxiae',4871),(36611,'Cautibus Pernambuci',4871),(36612,'Crateopoli',4871),(36613,'Crati',4871),(36614,'Curitibae',4871),(36615,'Fertiliae',4871),(36616,'Florianopoli',4871),(36617,'Flumine Ianuario',4871),(36618,'Flumine Magno',4871),(36619,'Goianiae',4871),(36620,'Ludovicopoli Bellomontanae',4871),(36621,'Ludovicopoli Maraniana',4871),(36622,'Maceii',4871),(36623,'Manausii',4871),(36624,'Mariopoli',4871),(36625,'Nataliae',4871),(36626,'Nigri Amniculi',4871),(36627,'Niteroiae',4871),(36628,'Olindae',4871),(36629,'Paulalfonsopoli',4871),(36630,'Paulopoli',4871),(36631,'Petrolinae',4871),(36632,'Petropoli',4871),(36633,'Portu Alacri',4871),(36634,'Portu Vetere',4871),(36635,'Raimundopoli',4871),(36636,'Sanctis',4871),(36637,'Sapecoae',4871),(36638,'Septemlacunis',4871),(36639,'Soteropoli',4871),(36640,'Stauropoli Brasiliae',4871),(36641,'Tamanduae',4871),(36642,'Tubarani',4871),(36643,'Uberabae',4871),(36644,'Valadariae',4871),(36645,'Victoriae Brasiliae',4871),(36646,'Aiseniae',4863),(36647,'Antofagastae',4863),(36648,'Aricae',4863),(36649,'Civitate Conceptione',4863),(36650,'Copiapi',4863),(36651,'Iacobopoli Chiliae',4863),(36652,'Iquiquae',4863),(36653,'Linariae',4863),(36654,'Philippopoli Chiliae',4863),(36655,'Serenopoli',4863),(36656,'Talcae',4863),(36657,'Taltaliae',4863),(36658,'Temuci',4863),(36659,'Valle Paradisi',4863),(36660,'Aegidiopoli',4873),(36661,'Antiochiae Columbiae',4873),(36662,'Armeniae',4873),(36663,'Barranquillae',4873),(36664,'Bogotae',4873),(36665,'Carthagine Columbiae',4873),(36666,'Cucutae',4873),(36667,'Facatativae',4873),(36668,'Garzoniae',4873),(36669,'Marthopoli',4873),(36670,'Metellini',4873),(36671,'Succursus',4873),(36672,'Tuniae',4873),(36673,'Valleduparae',4873),(36674,'Annae Reginae',4865),(36675,'Georgiopoli',4865),(36676,'Novi Amstelodami',4865),(36677,'Tiliae',4865),(36678,'Caiennae',4862),(36679,'Assumptione vel Assumptionopoli',4870),(36680,'Capiatae',4870),(36681,'Incarnatione',4870),(36682,'Lambarei',4870),(36683,'Laurentiopoli',4870),(36684,'Luquepoli',4870),(36685,'Arequipae',4872),(36686,'Callai',4872),(36687,'Caxamarcae',4872),(36688,'Cusci',4872),(36689,'Limae',4872),(36690,'Punii',4872),(36691,'Monte Visivo vel in urbe Montevideo',4868),(36692,'Paysandu',4868),(36693,'Petris',4868),(36694,'Saltu sive in urbe Saltense',4868),(36695,'In urbe Litoris',4868),(36696,'Barquisimeti',4866),(36697,'Caracis',4866),(36698,'Coneliani',4866),(36699,'Emeritae Venetiolae',4866),(36700,'Maracaibi',4866),(36701,'Maracai',4866),(36702,'Margaritopoli',4866),(36703,'Philippopoli',4866),(36704,'Alexandropoli vel Alexandriae Arachosiae',4890),(36705,'Caburae',4890),(36706,'Meccae vel Medabae',4885),(36707,'Medinae',4885),(36708,'Riadi',4885),(36709,'Bacu',4897),(36710,'Daccae',4880),(36711,'Culnae',4880),(36712,'Tzittagongae',4880),(36713,'Cualabelait',4883),(36714,'Eupatoriae',4876),(36715,'Cuangiuae',4888),(36716,'Seuli',4888),(36717,'Pyongyangae',4878),(36718,'Cuvaitopoli',4877),(36719,'Hongcongi vel Siamkiami',4895),(36720,'Akitae',4900),(36721,'Cagosimae',4900),(36722,'Cusiri',4900),(36723,'Ianagavae',4900),(36724,'Iocohamae',4900),(36725,'Fucusimae',4900),(36726,'Kyoti',4900),(36727,'Nagasakii',4900),(36728,'Ozacae',4900),(36729,'Sappori',4900),(36730,'Sendaii',4900),(36731,'Tokii',4900),(36732,'Sabae',4896),(36733,'Adzemiriae',4886),(36734,'Ahmedabadae',4886),(36735,'Ahmednagariae',4886),(36736,'Allahabadae',4886),(36737,'Bicanerii',4886),(36738,'Bombaiae',4886),(36739,'Bopaliae',4886),(36740,'Calcuttae',4886),(36741,'Calicuti',4886),(36742,'Coimbaturae',4886),(36743,'Cotaviae',4886),(36744,'Cottaiami',4886),(36745,'Cotzini',4886),(36746,'Crisnagariae',4886),(36747,'Cumbaconami',4886),(36748,'Dardzilingae',4886),(36749,'Delii vel Novi Delii',4886),(36750,'Ernaculam',4886),(36751,'Goae',4886),(36752,'Faisabadae',4886),(36753,'Haiderabadae',4886),(36754,'Iaipurae',4886),(36755,'Iamsedpurae',4886),(36756,'Lucnoviae',4886),(36757,'Meruti',4886),(36758,'Nagpurae',4886),(36759,'Navangariae',4886),(36760,'Nellorii',4886),(36761,'Patnae',4886),(36762,'Raipurae',4886),(36763,'Rantzii',4886),(36764,'Solapurae',4886),(36765,'Srinagariae',4886),(36766,'Trivandri',4886),(36767,'Varangaliae',4886),(36768,'Hamadani',4899),(36769,'Masadae',4899),(36770,'Teherani',4899),(36771,'Bagdati',4894),(36772,'Bassorae',4894),(36773,'Ascalon',4884),(36774,'Bethleem',4884),(36775,'Gazae',4884),(36776,'Hierosolymis vel Hierusalem',4884),(36777,'Vernicollis vel Tel Aviv',4884),(36778,'Beryti',4892),(36779,'Botri vel Batrunae',4892),(36780,'Bybli',4892),(36781,'Ioppe',4892),(36782,'Sidone',4892),(36783,'Tyri',4892),(36784,'Decadoroni',4882),(36785,'Catmandi',4903),(36786,'Lyalpurae',4901),(36787,'Multaniae',4901),(36788,'Pesavariae',4901),(36789,'Banguedae',4879),(36790,'Batangis',4879),(36791,'Caebuae',4879),(36792,'Iari',4879),(36793,'Legaspiae',4879),(36794,'Lucenae',4879),(36795,'Manilae',4879),(36796,'Tarlaci',4879),(36797,'Assabadae',4887),(36798,'Crasnodariae',4887),(36799,'Gorkipoli',4887),(36800,'Grodeci',4887),(36801,'Ialtae',4887),(36802,'Petropoli',4887),(36803,'Mosquae',4887),(36804,'Novogardiae',4887),(36805,'Saratoviae',4887),(36806,'Sebastopoli',4887),(36807,'Smolenscae',4887),(36808,'Stephanopoli',4887),(36809,'Mucden',4889),(36810,'Nankini',4889),(36811,'Pekini',4889),(36812,'Sanghaevi',4889),(36813,'Beroeae',4881),(36814,'Damasci',4881),(36815,'Heliopoli',4881),(36816,'Anuradapurae',4891),(36817,'Aiuthiae',4893),(36818,'Ancyrae',4902),(36819,'Caranae vel Theodosiopoli',4902),(36820,'Mazacae',4902),(36821,'Raedestus vel Rhaedestus',4902),(36822,'Smyrnae',4902),(36823,'Assabadae',4898),(36824,'Bucharae',4875),(36825,'Maracandae',4875),(36826,'Taskenti',4875),(36827,'Hanoii',4874),(36828,'Saigoniae vel Hotzimini',4874),(36829,'Alexandriae',4931),(36830,'Cairi',4931),(36831,'Damiatae',4931),(36832,'Portu Saidensi',4931),(36833,'Suesii',4931),(36834,'Syene',4931),(36835,'Addis Ababa',4940),(36836,'Adigrat',4940),(36837,'Gondar',4940),(36838,'Alivalae',4909),(36839,'Coronopoli',4909),(36840,'Durbaniae',4909),(36841,'Esoviae',4909),(36842,'Florifonte',4909),(36843,'Kimberleii',4909),(36844,'Krugersdorpii',4909),(36845,'Ioannisburgi',4909),(36846,'Portu Elisabethano',4909),(36847,'Praetoriae',4909),(36848,'Promunturii Bonae Spei',4909),(36849,'Stellenboschii',4909),(36850,'Icosii',4922),(36851,'Luandae',4936),(36852,'Nova Olisipone',4936),(36853,'Cotonuae',4927),(36854,'Paracuae',4927),(36855,'Gaboronae',4920),(36856,'Dualae',4917),(36857,'Iaunde',4917),(36858,'Necongsambae',4917),(36859,'Canangae',4928),(36860,'Kinsasae',4928),(36861,'Kisanganiae',4928),(36862,'Asmarae',4937),(36863,'Keren',4937),(36864,'Bricamae',4908),(36865,'Accrae',4929),(36866,'Cumasiae',4929),(36867,'Ketae',4929),(36868,'Kissidugi',4910),(36869,'Nezerecoreae',4910),(36870,'Malabi',4939),(36871,'Bissaviae',4933),(36872,'Nairobiae',4913),(36873,'Monroviae',4923),(36874,'Oeae',4932),(36875,'Abidiani',4915),(36876,'Miarinarivi',4916),(36877,'Dedzae',4930),(36878,'Lilongwe',4930),(36879,'Mezuzi',4930),(36880,'Bamaci',4942),(36881,'Rabati',4938),(36882,'Aiunae',4943),(36883,'Kenemae',4925),(36884,'Beirae',4905),(36885,'Maputi',4905),(36886,'Nampulae',4905),(36887,'Ketmanshopii',4941),(36888,'Vindhukii',4941),(36889,'Cadunae',4934),(36890,'Cani (Kano)',4934),(36891,'Enugi',4934),(36892,'Ibadani',4934),(36893,'Lacunopoli',4934),(36894,'Musinae',4934),(36895,'Varriae',4934),(36896,'Niameiae',4935),(36897,'Kigaliae',4919),(36898,'Dacariae',4914),(36899,'Daganae',4914),(36900,'Mogadisii',4911),(36901,'Kassalae',4918),(36902,'Khartoum',4918),(36903,'Omdurman',4918),(36904,'Portus Sudaniae',4918),(36905,'Dodomae',4904),(36906,'Irenopoli Tanzaniae vel Daressalam',4904),(36907,'Kigomae',4904),(36908,'Lomi',4906),(36909,'Tunete',4926),(36910,'Nediamenae',4907),(36911,'Campalae',4924),(36912,'Dzindzae',4924),(36913,'Entebe',4924),(36914,'Hoimae',4924),(36915,'Torori',4924),(36916,'Livinstoniae',4912),(36917,'Lusacae',4912),(36918,'Nedolae',4912),(36919,'Harare',4921);
/*!40000 ALTER TABLE `cities` ENABLE KEYS */;
UNLOCK TABLES;

--
-- Table structure for table `continents`
--

DROP TABLE IF EXISTS `continents`;
/*!40101 SET @saved_cs_client     = @@character_set_client */;
/*!40101 SET character_set_client = utf8 */;
CREATE TABLE `continents` (
  `id` int(11) NOT NULL AUTO_INCREMENT,
  `name` varchar(128) NOT NULL,
  PRIMARY KEY (`id`)
) ENGINE=InnoDB AUTO_INCREMENT=6 DEFAULT CHARSET=latin1;
/*!40101 SET character_set_client = @saved_cs_client */;

--
-- Dumping data for table `continents`
--

LOCK TABLES `continents` WRITE;
/*!40000 ALTER TABLE `continents` DISABLE KEYS */;
INSERT INTO `continents` VALUES (1,'Africa'),(2,'Asia'),(3,'Europa'),(4,'America Septentrionali'),(5,'America Meridiana');
/*!40000 ALTER TABLE `continents` ENABLE KEYS */;
UNLOCK TABLES;

--
-- Table structure for table `countries`
--

DROP TABLE IF EXISTS `countries`;
/*!40101 SET @saved_cs_client     = @@character_set_client */;
/*!40101 SET character_set_client = utf8 */;
CREATE TABLE `countries` (
  `id` int(11) NOT NULL AUTO_INCREMENT,
  `name` varchar(128) NOT NULL,
  `continent_id` int(11) DEFAULT NULL,
  PRIMARY KEY (`id`),
  UNIQUE KEY `country` (`name`),
  KEY `name` (`name`),
  KEY `fk_continents` (`continent_id`),
  CONSTRAINT `countries_ibfk_1` FOREIGN KEY (`continent_id`) REFERENCES `continents` (`id`) ON DELETE NO ACTION ON UPDATE CASCADE
) ENGINE=InnoDB AUTO_INCREMENT=4944 DEFAULT CHARSET=latin1;
/*!40101 SET character_set_client = @saved_cs_client */;

--
-- Dumping data for table `countries`
--

LOCK TABLES `countries` WRITE;
/*!40000 ALTER TABLE `countries` DISABLE KEYS */;
INSERT INTO `countries` VALUES (4809,'Barbatianis Insulis',4),(4810,'Canada',4),(4811,'Mexico',4),(4812,'Costarica sive Ora Divite',4),(4813,'Nicaragua',4),(4814,'Civitatibus Foederatis',4),(4815,'Portu Divite',4),(4816,'Beliza',4),(4817,'Honduria',4),(4818,'Salvatoria',4),(4819,'Panama',4),(4820,'Cuba',4),(4821,'Iamaica',4),(4822,'Guatimala',4),(4823,'Ucraina',3),(4824,'Macedonia',3),(4825,'Gallia',3),(4826,'Bohemia',3),(4827,'Lithuania',3),(4828,'Norvegia',3),(4829,'Germania',3),(4830,'Dania',3),(4831,'Britannia',3),(4832,'Polonia',3),(4833,'Hispania',3),(4834,'Daco-Romania',3),(4835,'Moldavia',3),(4836,'Graecia',3),(4837,'Finnia',3),(4838,'Croatia',3),(4839,'Batavia',3),(4840,'Hungaria',3),(4841,'Hibernia',3),(4842,'Austria',3),(4843,'Suetia',3),(4844,'Lettonia',3),(4845,'Bosnia et Herzegovina',3),(4846,'Belgio',3),(4847,'Albania',3),(4848,'Ruthenia Alba',3),(4849,'Italia',3),(4850,'Lusitania',3),(4851,'Agro Merulano',3),(4852,'Serbia',3),(4853,'Helvetia',3),(4854,'Scotia sive Caledonia',3),(4855,'Slovenia',3),(4856,'Bulgaria',3),(4857,'Islandia',3),(4858,'Slovacia',3),(4859,'Cambria sive Vallia',3),(4860,'Luxemburgo',3),(4861,'Estonia',3),(4862,'Guiana Francica',5),(4863,'Chilia',5),(4864,'Argentina',5),(4865,'Guiana',5),(4866,'Venetiola',5),(4867,'Aequatoria',5),(4868,'Uraquaria',5),(4869,'Bolivia',5),(4870,'Paraquaria',5),(4871,'Brasilia',5),(4872,'Peruvia',5),(4873,'Columbia',5),(4874,'Vietnamia',2),(4875,'Uzbecistania',2),(4876,'Chersoneso Taurica',2),(4877,'Cuvaitensi Phylarchia',2),(4878,'Corea Septentrionali',2),(4879,'Philippinis Insulis',2),(4880,'Bangladesa',2),(4881,'Syria',2),(4882,'Monte Nigro',2),(4883,'Bruneio',2),(4884,'Israel vel Palestinis terris',2),(4885,'Arabia Saudiana',2),(4886,'India',2),(4887,'Russia',2),(4888,'Corea Meridiana',2),(4889,'Sinis',2),(4890,'Afganistania',2),(4891,'Taprobane',2),(4892,'Libano',2),(4893,'Thailandia',2),(4894,'Iraquia',2),(4895,'Hongcongo vel Siamkiamo',2),(4896,'Iemenia',2),(4897,'Atropatene',2),(4898,'Turcmenistania',2),(4899,'Irania',2),(4900,'Iaponia',2),(4901,'Pakistania',2),(4902,'Turcia',2),(4903,'Nepalia',2),(4904,'Tanzania',1),(4905,'Mozambico',1),(4906,'Togo',1),(4907,'Tzadia',1),(4908,'Gambia',1),(4909,'Africa Australi',1),(4910,'Guinea',1),(4911,'Somalia',1),(4912,'Zambia',1),(4913,'Kenia',1),(4914,'Senegalia',1),(4915,'Litore Eburneo',1),(4916,'Madagascaria',1),(4917,'Cammarunia',1),(4918,'Sudania',1),(4919,'Ruanda',1),(4920,'Botsuana',1),(4921,'Zimbabua',1),(4922,'Algeria',1),(4923,'Liberia',1),(4924,'Uganda',1),(4925,'Monte Leonino sive Monte Leonis',1),(4926,'Tunesia',1),(4927,'Benino sive Dahomeia',1),(4928,'Congo',1),(4929,'Gana',1),(4930,'Malavio',1),(4931,'Aegypto',1),(4932,'Libya',1),(4933,'Guinea Bissaviensi',1),(4934,'Nigeria',1),(4935,'Nigritania',1),(4936,'Angolia',1),(4937,'Erythraea',1),(4938,'Marokio sive Marochio',1),(4939,'Guinea Aequinoctiali',1),(4940,'Aethiopia',1),(4941,'Namibia',1),(4942,'Malia',1),(4943,'Mauritania',1);
/*!40000 ALTER TABLE `countries` ENABLE KEYS */;
UNLOCK TABLES;

--
-- Table structure for table `news`
--

DROP TABLE IF EXISTS `news`;
/*!40101 SET @saved_cs_client     = @@character_set_client */;
/*!40101 SET character_set_client = utf8 */;
CREATE TABLE `news` (
  `id` int(11) NOT NULL AUTO_INCREMENT,
  `title` varchar(128) NOT NULL,
  `slug` varchar(128) NOT NULL,
  `text` text NOT NULL,
  PRIMARY KEY (`id`),
  KEY `slug` (`slug`)
) ENGINE=InnoDB AUTO_INCREMENT=4 DEFAULT CHARSET=latin1;
/*!40101 SET character_set_client = @saved_cs_client */;

--
-- Dumping data for table `news`
--

LOCK TABLES `news` WRITE;
/*!40000 ALTER TABLE `news` DISABLE KEYS */;
INSERT INTO `news` VALUES (1,'Man bites dog','manbitesdog','In an early morning confrontation between a 55 yo male and a doberman pinscher named Axxx, the man allegedly bit the dog on paw when it tried to take the man\'s hoho, news at 11.'),(2,'Oligarch shooting','richkilling','Poor homeless people were awaken from their cars Tuesday morning when awoke to a mob of disenfranchised ex Boeing workers chasing down Bill Gates in the streets and pumping 12 rounds of salt into the sickenly rich oligarch.  Gates is expected to survive but the courts have awarded the mob all his money.  News at 11.'),(3,'Skunk Drunk','skunk-drunk','A man walked into a bar in downtown Bellingham and proceeded to go shot for shot with the pet skunk pulled out of his pocket.  Onlookers were agape as he proceeded to get \"stinking\" drunk.  The skunk was pretty wasted too.');
/*!40000 ALTER TABLE `news` ENABLE KEYS */;
UNLOCK TABLES;

--
-- Table structure for table `universities`
--

DROP TABLE IF EXISTS `universities`;
/*!40101 SET @saved_cs_client     = @@character_set_client */;
/*!40101 SET character_set_client = utf8 */;
CREATE TABLE `universities` (
  `id` int(11) NOT NULL AUTO_INCREMENT,
  `name` varchar(128) NOT NULL,
  `city_id` int(11) NOT NULL,
  `country_id` int(11) NOT NULL,
  PRIMARY KEY (`id`),
  UNIQUE KEY `name` (`name`)
) ENGINE=InnoDB AUTO_INCREMENT=1053 DEFAULT CHARSET=latin1;
/*!40101 SET character_set_client = @saved_cs_client */;

--
-- Dumping data for table `universities`
--

LOCK TABLES `universities` WRITE;
/*!40000 ALTER TABLE `universities` DISABLE KEYS */;
INSERT INTO `universities` VALUES (790,'Universitas Studiorum Catholica Lusitana',0,4850),(791,'Universitas Studiorum Conimbrigensis',0,4850),(792,'Universitas Studiorum Minii',0,4850),(793,'Universitas Studiorum Olisiponensis',0,4850),(794,'Universitas Studiorum Olisiponensis Nova',0,4850),(795,'Universitas Studiorum Portucalensis',0,4850),(796,'Pontificia Universitas Studiorum Catholica Argentina (UCA)',0,4864),(797,'Universitas Studiorum Nationalis Australis (UNS)',0,4864),(798,'Universitas Studiorum Bonaerensis (UBA)',0,4864),(799,'Universitas Studiorum Nationalis Cordubensis (UNC)',0,4864),(800,'Universitas Studiorum Nationalis Litoralis (UNL)',0,4864),(801,'Universitas Studiorum Nationalis Ludovicopolitana (UNSL)',0,4864),(802,'Universitas Studiorum Nationalis Marplatensis (UNMdP)',0,4864),(803,'Universitas Studiorum Nationalis Platensis vel Argentopolitana (UNLP)',0,4864),(804,'Universitas Studiorum Nationalis Rosariensis (UNR)',0,4864),(805,'Universitas Studiorum NATIONALIS Tucumaniensis (UNT)',0,4864),(806,'Academia Vivarium Novum',0,4849),(807,'Pontificia Universitas Studiorum Gregoriana',0,4849),(808,'Pontificia Universitas Studiorum Urbaniana',0,4849),(809,'Pontificia Universitas Studiorum Lateranensis',0,4849),(810,'Pontificia Universitas Studiorum Salesiana',0,4849),(811,'Pontificia Universitas Studiorum Sanctae Crucis',0,4849),(812,'Pontificia Universitas Studiorum a Sancto Thoma Aquinate',0,4849),(813,'Schola Normalis Superior Pisana (SNS)',0,4849),(814,'Universitas Studiorum Bononiensis',0,4849),(815,'Universitas Studiorum Mediolanensis',0,4849),(816,'Universitas Studiorum Patavina',0,4849),(817,'Universitas Studiorum Panormitana',0,4849),(818,'Universitas Studiorum Pisana',0,4849),(819,'Universitas Studiorum Florentina',0,4849),(820,'Universitas Studiorum Romana c.n. Sapientia',0,4849),(821,'Universitas Studiorum Taurinensis',0,4849),(822,'Universitas Studiorum Tridentina (Athesina)',0,4849),(823,'Pontificia Universitas Studiorum Catholica Chiliensis (UC)',0,4863),(824,'Universitas Studiorum ab Andrea Bello (UNAB)',0,4863),(825,'Universitas Studiorum ab Arturo Prat',0,4863),(826,'Universitas Studiorum Chiliensis',0,4863),(827,'Universitas Studiorum Conceptionis',0,4863),(828,'Universitas Studiorum Iacobopolitana Chiliensis (USACH)',0,4863),(829,'Universitas Studiorum Vallis Paradisi (UV)',0,4863),(830,'Universitas Studiorum Antverpiensis',0,4846),(831,'Universitas Studiorum Bruxellensis Libera',0,4846),(832,'Universitas Studiorum Catholica Lovaniensis',0,4846),(833,'Universitas Studiorum Gandavensis',0,4846),(834,'Universitas Studiorum Hasseletensis',0,4846),(835,'Schola Nova',0,4846),(836,'Universitas Studiorum Kiotensis',0,4900),(837,'Universitas Studiorum Nagoiensis',0,4900),(838,'Universitas Studiorum Osacensis',0,4900),(839,'Universitas Studiorum Tociensis',0,4900),(840,'Collegium Sanctae et Inviduae Trinitatis Reginae Elisabethae iuxta Dublinum',0,4841),(841,'Universitas Studiorum Dublinensis',0,4841),(842,'Universitas Studiorum Hiberniae Nationalis apud Corcagium (vel Corcagiam) (UCC)',0,4841),(843,'Universitas Studiorum Hiberniae Nationalis apud Dublinum (UCD)',0,4841),(844,'Universitas Studiorum Hiberniae Nationalis apud Galviam',0,4841),(845,'Universitas Studiorum Hiberniae Nationalis apud Manutium (NUIM vel MU)',0,4841),(846,'Universitas Studiorum Limerickensis (UL)',0,4841),(847,'Universitas Studiorum Reginae Belfastiae (QUB)',0,4841),(848,'Universitas Studiorum Urbis Dubliniae (vel Dublini) (DCU)',0,4841),(849,'Universitas Studiorum Graecensis Carolo Franciscea (vel Gradeciensis)',0,4842),(850,'Universitas Studiorum Oenipontana Leopoldino Franciscea',0,4842),(851,'Universitas Studiorum Vindobonensis Rudolphina',0,4842),(852,'Universitas Studiorum Salisburgensis Paris-Lodron',0,4842),(853,'Universitas Studiorum Salisburgensis Mozartea',0,4842),(854,'Universitas Studiorum Latviensis (vel Lettonica)',0,4844),(855,'Universitas Studiorum Rigensis Stradina (RSU)',0,4844),(856,'Universitas Studiorum Technicarum Rigensis (RTU)',0,4844),(857,'Universitas Studiorum Albertae Edmundopoli',0,4810),(858,'Universitas Studiorum Calgariae',0,4810),(859,'Universitas Studiorum Columbiae Britannicae',0,4810),(860,'Universitas Studiorum Concordia Monte Regali',0,4810),(861,'Universitas Studiorum Macmastrensis',0,4810),(862,'Universitas Studiorum McGill Monte Regali',0,4810),(863,'Universitas Studiorum Montis Regii (vel Regalis)',0,4810),(864,'Universitas Studiorum Novae Brunsvigae',0,4810),(865,'Universitas Studiorum Reginae apud Regiodunum',0,4810),(866,'Universitas Studiorum Torontina',0,4810),(867,'Universitas Studiorum Quebeci',0,4810),(868,'Universitas Studiorum Waterloensis',0,4810),(869,'Universitas Studiorum Tallinensis (TU)',0,4861),(870,'Universitas Studiorum Tartuensis (vel Dorpatensis) (UT)',0,4861),(871,'Universitas Studiorum Nairobiensis',0,4913),(872,'Universitas Studiorum Islandiae',0,4857),(873,'Universitas Studiorum Cardiffensis',0,4859),(874,'Universitas Studiorum Swanseae',0,4859),(875,'Universitas Studiorum Republicana (UdelaR)',0,4868),(876,'Universitas Studiorum Africae Australis (UNISA)',0,4909),(877,'Universitas Studiorum Rhodesiana',0,4909),(878,'Universitas Studiorum Ioannisburgensis (UJ)',0,4909),(879,'Universitas Studiorum c.n. KwaZulu-Natal (UKZN)',0,4909),(880,'Universitas Studiorum Praetoriana',0,4909),(881,'Universitas Studiorum Promunturii Bonae Spei (UCT)',0,4909),(882,'Universitas Studiorum Promunturii Occidentalis',0,4909),(883,'Universitas Studiorum Stellenboschensis',0,4909),(884,'Universitas Studiorum Witwatersrandensis',0,4909),(885,'Universitas Studiorum Basiliensis',0,4853),(886,'Universitas Studiorum Bernensis',0,4853),(887,'Universitas Studiorum Friburgensis Helvetiorum',0,4853),(888,'Universitas Studiorum Gallopolitana',0,4853),(889,'Universitas Studiorum Turicensis (UZH)',0,4853),(890,'Universitas Studiorum Genevensis',0,4853),(891,'Universitas Studiorum Lausannensis (UNIL)',0,4853),(892,'Universitas Studiorum Neocomensis (UNINE)',0,4853),(893,'Universitas Studiorum Aberdonensis',0,4854),(894,'Universitas Studiorum Glasguensis',0,4854),(895,'Universitas Studiorum Edinburgensis',0,4854),(896,'Universitas Studiorum Sancti Andreae apud Scotos',0,4854),(897,'Universitas Studiorum Labacensis vel Aemonensis (UL)',0,4855),(898,'Universitas Studiorum Litoralis',0,4855),(899,'Universitas Studiorum Marburgensis (UM)',0,4855),(900,'Universitas Studiorum Novae Goritiae (UNG)',0,4855),(901,'Concilium Populi Galli Investigationibus Foevendis (CNRS)',0,4825),(902,'Schola Superior Studiis Humanisticis Provehendis (EHESS)',0,4825),(903,'Schola Normalis Superior (ENS Lutetiae)',0,4825),(904,'Universitas Studiorum Catholica Insulensis',0,4825),(905,'Universitas Studiorum Catholica Lugdunensis',0,4825),(906,'Universitas Studiorum Catholica Parisiensis (ICP)',0,4825),(907,'Universitas Studiorum Catholica Tolosana (ICT)',0,4825),(908,'Universitas Studiorum Catholica Occidentis (UCO)',0,4825),(909,'Universitas Studiorum Argentorati (UNISTRA vel UDS)',0,4825),(910,'Universitas Studiorum Magistrorum et Scholarium Parisiensis (Sorbonnensis)',0,4825),(911,'Universitas Studiorum Parisiensis-Sorbonnensis (Paris IV)',0,4825),(912,'Universitas Studiorum Parisiensis-Meridianae (Paris XI)',0,4825),(913,'Universitas Studiorum Massiliensis (AMU)',0,4825),(914,'Universitas Studiorum Autonoma Civitatis Mexicanae (UAEM)',0,4811),(915,'Universitas Studiorum Autonoma Guadalaxarae (UAG)',0,4811),(916,'Universitas Studiorum Autonoma Novi Leonis (UANL)',0,4811),(917,'Universitas Studiorum Autonoma Metropolitana (UAM)',0,4811),(918,'Universitas Studiorum Autonoma Mexicana (UNAM)',0,4811),(919,'Universitas Studiorum Colimae',0,4811),(920,'Universitas Studiorum Guadalaxarae (UdeG)',0,4811),(921,'Universitas Studiorum Guanajuati',0,4811),(922,'Universitas Studiorum Iberoamericana Mexicopolis (UIA)',0,4811),(923,'Universitas Studiorum La Salliana (ULSA)',0,4811),(924,'Universitas Studiorum Panamericana (UP)',0,4811),(925,'Universitas Studiorum Verae Crucis',0,4811),(926,'Universitas Studiorum Autonoma Yucatanensi (UADY)',0,4811),(927,'Universitas Studiorum Iadertina',0,4838),(928,'Universitas Studiorum Fluminensis',0,4838),(929,'Universitas Studiorum Mursae Iosephi Georgii',0,4838),(930,'Universitas Studiorum Polensis Georgii Dobrila',0,4838),(931,'Universitas Studiorum Ragusina',0,4838),(932,'Universitas Studiorum Spalatensis',0,4838),(933,'Universitas Studiorum Zagrabiensis',0,4838),(934,'Universitas Studiorum Budapestinensis a Rolando Eotvos (ELTE)',0,4840),(935,'Universitas Studiorum Debreceniensis',0,4840),(936,'Universitas Studiorum Pannonica Vesprimiensis',0,4840),(937,'Universitas Studiorum Quinqueecclesiensis vel Sopianensis (PTE)',0,4840),(938,'Universitas Studiorum Szegediensis',0,4840),(939,'Universitas Studiorum Aboensis (UTU)',0,4837),(940,'Universitas Studiorum Academia Aboensis',0,4837),(941,'Universitas Studiorum ab Aalto',0,4837),(942,'Universitas Studiorum Helsingiensis (UH)',0,4837),(943,'Universitas Studiorum Granivici (vel Jyvaeskylae)',0,4837),(944,'Universitas Studiorum Uloensis',0,4837),(945,'Universitas Studiorum Tamerforsiae (UTA)',0,4837),(946,'Collegium Universitatis Londinensis',0,4831),(947,'Schola Universalis Londinii',0,4831),(948,'Collegium Imperiale Londinense',0,4831),(949,'Universitas Studiorum Cantabrigensis',0,4831),(950,'Universitas Studiorum Bristoliensis [Bristollensis)',0,4831),(951,'Universitas Studiorum Dunelmensis',0,4831),(952,'Universitas Studiorum Ledesiensis',0,4831),(953,'Universitas Studiorum Londinensis c.n. Urbs',0,4831),(954,'Universitas Studiorum Mancuniensis',0,4831),(955,'Universitas Studiorum Nottingamiensis',0,4831),(956,'Universitas Studiorum Oxoniensis',0,4831),(957,'Universitas Studiorum Warwicensis',0,4831),(958,'Universitas Studiorum Autonoma Barcinonensis',0,4833),(959,'Universitas Studiorum Autonoma Matriti',0,4833),(960,'Universitas Studiorum Barcinonensis',0,4833),(961,'Universitas Studiorum Burgensis',0,4833),(962,'Universitas Studiorum Caesaraugustanae',0,4833),(963,'Universitas Studiorum Caroli Tertii Matriti',0,4833),(964,'Universitas Studiorum Cantabriae',0,4833),(965,'Universitas Studiorum Complutensis Matriti',0,4833),(966,'Universitas Studiorum Cordubensis',0,4833),(967,'Universitas Studiorum Granatensis',0,4833),(968,'Universitas Studiorum Gaditana',0,4833),(969,'Universitas Studiorum Giennensis',0,4833),(970,'Universitas Studiorum Legionensis',0,4833),(971,'Universitas Studiorum Lucentina',0,4833),(972,'Universitas Studiorum Malacitana',0,4833),(973,'Universitas Studiorum Murciana',0,4833),(974,'Universitas Studiorum Navarrensis Catholica',0,4833),(975,'Universitas Studiorum Navarrensis Publica',0,4833),(976,'Universitas Studiorum Onubensis',0,4833),(977,'Universitas Studiorum Ovetensis',0,4833),(978,'Universitas Studiorum a Paulo Olavide Hispalensis',0,4833),(979,'Universitas Studiorum Valentina',0,4833),(980,'Universitas Studiorum Hispalensis',0,4833),(981,'Universitas Studiorum Salmanticensis',0,4833),(982,'Pontificia Universitas studiorum Comillensis Matriti',0,4833),(983,'Universitas Studiorum Bielostokiensis',0,4832),(984,'Universitas Studiorum Casimiri Magni (UKW)',0,4832),(985,'Universitas Studiorum Cardinalis Stephani Wyszynski Varsoviae',0,4832),(986,'Universitas Studiorum Catholica Lublinensis Ioannis Pauli II (KUL)',0,4832),(987,'Universitas Studiorum Gedanensis',0,4832),(988,'Universitas Studiorum Iagellonica Cracoviensis',0,4832),(989,'Universitas Studiorum Ioannis Cochanovii Kielcensis',0,4832),(990,'Universitas Studiorum Lodziensis',0,4832),(991,'Universitas Studiorum Mickiewicziana Posnaniensis (UAM)',0,4832),(992,'Universitas Studiorum Nicolai Copernici (UNC)',0,4832),(993,'Universitas Studiorum Opoliensis',0,4832),(994,'Universitas Studiorum Posdamiensis',0,4832),(995,'Universitas Studiorum Silesiensis Catoviciae (US)',0,4832),(996,'Universitas Studiorum Stettinensis',0,4832),(997,'Universitas Studiorum Varmiensis-Masuriensis',0,4832),(998,'Universitas Studiorum Varsoviensis',0,4832),(999,'Universitas Studiorum Viridimontanae a Zielona Gora',0,4832),(1000,'Universitas Studiorum Vratislaviensis',0,4832),(1001,'Collegium Catholicum Vyominae',0,4814),(1002,'Universitas Studiorum Californiana Berkeleiae',0,4814),(1003,'Universitas Studiorum Californiana Angelopoli',0,4814),(1004,'Universitas Studiorum Columbiae Novi Eboraci',0,4814),(1005,'Universitas Studiorum Cornelliana Ithacae',0,4814),(1006,'Universitas Studiorum Dickinsoniensis',0,4814),(1007,'Universitas Studiorum Dukiana (Duke Univ.)',0,4814),(1008,'Universitas Studiorum Floridiana',0,4814),(1009,'Universitas Studiorum Harvardiensis',0,4814),(1010,'Universitas Studiorum Kentukiana',0,4814),(1011,'Universitas Studiorum Massachusetana Bostoniae',0,4814),(1012,'Universitas Studiorum Michiganiae',0,4814),(1013,'Universitas Studiorum Occidentalis Septentrionalis Illinoesiana  (Evanstoniae)',0,4814),(1014,'Universitas Studiorum Occidentalis Septentrionalis Minnesotana  (Paulopoli)',0,4814),(1015,'Universitas Studiorum Occidentalis Septentrionalis Vasintoniana  (Kirklandiae)',0,4814),(1016,'Universitas Studiorum Principitoniensis',0,4814),(1017,'Universitas Studiorum Vasintoniae Seattli',0,4814),(1018,'Universitas Studiorum Vasintoniana Ludovicopoli',0,4814),(1019,'Universitas Studiorum Vasintoniae Occidentalis',0,4814),(1020,'Universitas Studiorum Yalensis Novo Portu',0,4814),(1021,'Universitas Studiorum Alberto-Ludoviciana Friburgensis',0,4829),(1022,'Universitas Studiorum Constantiae',0,4829),(1023,'Universitas Studiorum Eberhardina Carolina Tuebingensis',0,4829),(1024,'Universitas Studiorum Goetheana Francofurtensis',0,4829),(1025,'Universitas Studiorum Schilleriana Ienensis',0,4829),(1026,'Universitas Studiorum Gutembergiana Mogontiacensis',0,4829),(1027,'Universitas Studiorum Philippea Marburgensis',0,4829),(1028,'Universitas Studiorum Regiae Georgiae Augustae Gottingensis',0,4829),(1029,'Universitas Studiorum Rostochiensis',0,4829),(1030,'Universitas Studiorum Ruperto Carola Heidelbergensis',0,4829),(1031,'Universitas Studiorum Lipsiensis',0,4829),(1032,'Universitas Studiorum Ludovico-Maximilianea Monacensis',0,4829),(1033,'Universitas Studiorum Libera Berolinensis',0,4829),(1034,'Universitas Studiorum Humboldtiana Berolinensis',0,4829),(1035,'Pontificia Universitas Studiorum Catholica Fluminis Ianuarii (PUC / RJ)',0,4871),(1036,'Pontificia Universitas Studiorum Catholica Portus Alacris (PUC / POA)',0,4871),(1037,'Pontificia Universitas Studiorum Catholica Paulopolis (PUC - SP)',0,4871),(1038,'Universitas Studiorum Civitatis Campestris (Unicamp)',0,4871),(1039,'Universitas Studiorum Civitatis Paulinae ab Iulio Mesquita Filio (UNESP)',0,4871),(1040,'Universitas Studiorum Foederata Densae Silvae (UFMT)',0,4871),(1041,'Universitas Studiorum Foederata Densae Silvae Australis (UFMS)',0,4871),(1042,'Universitas Studiorum Foederata Fodinarum Generalium (UFMG)',0,4871),(1043,'Universitas Studiorum Brasiliopolis (UnB)',0,4871),(1044,'Universitas Studiorum Foederata Cearensis (UFC)',0,4871),(1045,'Universitas Studiorum Foederata Fluminis Ianuarii (UFRJ)',0,4871),(1046,'Universitas Studiorum Foederata Fluminis Magni Meridiei (UFRGS)',0,4871),(1047,'Universitas Studiorum Paulina (USP)',0,4871),(1048,'Universitas Studiorum Foederata Paulina (UNIFESP)',0,4871),(1049,'Universitas Studiorum Foederata Pernambucensis (UFPE)',0,4871),(1050,'Universitas Studiorum Foederata Sanctae Mariae (UFSM)',0,4871),(1051,'Universitas Studiorum Foederata Sini (UFBA-Bahia)',0,4871),(1052,'Universitas Studiorum Foederata Spiritus Sancti (UFES)',0,4871);
/*!40000 ALTER TABLE `universities` ENABLE KEYS */;
UNLOCK TABLES;
/*!40103 SET TIME_ZONE=@OLD_TIME_ZONE */;

/*!40101 SET SQL_MODE=@OLD_SQL_MODE */;
/*!40014 SET FOREIGN_KEY_CHECKS=@OLD_FOREIGN_KEY_CHECKS */;
/*!40014 SET UNIQUE_CHECKS=@OLD_UNIQUE_CHECKS */;
/*!40101 SET CHARACTER_SET_CLIENT=@OLD_CHARACTER_SET_CLIENT */;
/*!40101 SET CHARACTER_SET_RESULTS=@OLD_CHARACTER_SET_RESULTS */;
/*!40101 SET COLLATION_CONNECTION=@OLD_COLLATION_CONNECTION */;
/*!40111 SET SQL_NOTES=@OLD_SQL_NOTES */;

-- Dump completed on 2018-06-25  8:59:08
